time;x1;x2;x3;y1;y2;y3
0.1;0.0007936352174595911;3.7589314390599203e-7;0.000008874417942121324;0.0007936352174595911;3.7589314390599203e-7;0.000008874417942121324
0.2;0.0015785319889471475;0.000001179465376857379;0.00002516960333416084;0.0015785319889471475;0.000001179465376857379;0.00002516960333416084
0.30000000000000004;0.0023579720110770827;0.000002285655108836864;0.0000459154059709784;0.0023579720110770827;0.000002285655108836864;0.0000459154059709784
0.4;0.0031330484126097474;0.0000036389886469236474;0.00007013285518638553;0.0031330484126097474;0.0000036389886469236474;0.00007013285518638553
0.5;0.003904388208595067;0.000005207153257798551;0.00009726714344237189;0.003904388208595067;0.000005207153257798551;0.00009726714344237189
0.6;0.004672412671374524;0.000006967915642711416;0.0001269489167951392;0.004672412671374524;0.000006967915642711416;0.0001269489167951392
0.7000000000000001;0.005437430195517875;0.000008904661838036849;0.00015890984323110445;0.005437430195517875;0.000008904661838036849;0.00015890984323110445
0.8;0.006199679231766118;0.000011004323301903564;0.00019294381925083414;0.006199679231766118;0.000011004323301903564;0.00019294381925083414
0.9;0.006959351312194403;0.000013256249586439476;0.00022888627125587397;0.006959351312194403;0.000013256249586439476;0.00022888627125587397
1;0.007716604674966003;0.000015651531646113353;0.0002666019614624203;0.007716604674966003;0.000015651531646113353;0.0002666019614624203
1.1;0.008471572916795058;0.000018182566236437932;0.0003059772743603594;0.008471572916795058;0.000018182566236437932;0.0003059772743603594
1.2000000000000002;0.009224370789437419;0.00002084276043479673;0.0003469150676096728;0.009224370789437419;0.00002084276043479673;0.0003469150676096728
1.3000000000000003;0.009975098249308834;0.000023626322848506064;0.0003893310864713911;0.009975098249308834;0.000023626322848506064;0.0003893310864713911
1.4000000000000001;0.010723843384146088;0.000026528111147283645;0.00043315138038336587;0.010723843384146088;0.000026528111147283645;0.00043315138038336587
1.5000000000000002;0.011470684588039806;0.00002954351767193076;0.00047831038846999605;0.011470684588039806;0.00002954351767193076;0.00047831038846999605
1.6;0.012215692216245473;0.00003266838164087071;0.0005247494868558563;0.012215692216245473;0.00003266838164087071;0.0005247494868558563
1.7000000000000002;0.012958929869618066;0.000035898920456254776;0.0005724158639734064;0.012958929869618066;0.000035898920456254776;0.0005724158639734064
1.8000000000000003;0.013700455408903826;0.00003923167505234038;0.0006212616345559839;0.013700455408903826;0.00003923167505234038;0.0006212616345559839
1.9000000000000001;0.014440321767831846;0.00004266346578053409;0.0006712431310164566;0.014440321767831846;0.00004266346578053409;0.0006712431310164566
2;0.01517857761358757;0.000046191356342712443;0.0007223203291015444;0.01517857761358757;0.000046191356342712443;0.0007223203291015444
2.1;0.015915267889636927;0.00004981262396937273;0.0007744563768508545;0.015915267889636927;0.00004981262396937273;0.0007744563768508545
2.2;0.016650434266547998;0.00005352473451133442;0.0008276172041872272;0.016650434266547998;0.00005352473451133442;0.0008276172041872272
2.3000000000000003;0.017384115519937376;0.00005732532144605098;0.0008817711962584553;0.017384115519937376;0.00005732532144605098;0.0008817711962584553
2.4000000000000004;0.018116347850021444;0.00006121216803789447;0.0009368889177729338;0.018116347850021444;0.00006121216803789447;0.0009368889177729338
2.5000000000000004;0.018847165153884016;0.00006518319206552253;0.0009929428785556602;0.018847165153884016;0.00006518319206552253;0.0009929428785556602
2.6;0.019576599259091984;0.00006923643265803796;0.00104990733274421;0.019576599259091984;0.00006923643265803796;0.00104990733274421
2.7;0.020304680125439442;0.00007337003887814625;0.0011077581056790661;0.020304680125439442;0.00007337003887814625;0.0011077581056790661
2.8000000000000003;0.021031436020201254;0.00007758225976382958;0.0011664724437767887;0.021031436020201254;0.00007758225976382958;0.0011664724437767887
2.9000000000000004;0.021756893671206708;0.00008187143559639498;0.0012260288836171433;0.021756893671206708;0.00008187143559639498;0.0012260288836171433
3.0000000000000004;0.022481078401216346;0.00008623599020650669;0.0012864071372030276;0.022481078401216346;0.00008623599020650669;0.0012864071372030276
3.1;0.023204014246439086;0.00009067442416412114;0.0013475879909194957;0.023204014246439086;0.00009067442416412114;0.0013475879909194957
3.2;0.02392572406151755;0.00009518530872538697;0.001409553216164694;0.02392572406151755;0.00009518530872538697;0.001409553216164694
3.3000000000000003;0.02464622961290522;0.0000997672804312289;0.001472285489979912;0.02464622961290522;0.0000997672804312289;0.001472285489979912
3.4000000000000004;0.02536555166223489;0.00010441903626974538;0.0015357683242894404;0.02536555166223489;0.00010441903626974538;0.0015357683242894404
3.5000000000000004;0.026083710041016644;0.00010913932932865103;0.0015999860025893964;0.026083710041016644;0.00010913932932865103;0.0015999860025893964
3.6;0.026800723717791068;0.00011392696487549098;0.0016649235231100713;0.026800723717791068;0.00011392696487549098;0.0016649235231100713
3.7;0.02751661085868988;0.0001187807968127873;0.001730566547627784;0.02751661085868988;0.0001187807968127873;0.001730566547627784
3.8000000000000003;0.028231388882213285;0.00012369972446306385;0.001796901355226665;0.028231388882213285;0.00012369972446306385;0.001796901355226665
3.9000000000000004;0.0289450745089151;0.00012868268964515882;0.0018639148004136374;0.0289450745089151;0.00012868268964515882;0.0018639148004136374
4;0.029657683806588436;0.0001337286740086264;0.0019315942750753302;0.029657683806588436;0.0001337286740086264;0.0019315942750753302
4.1;0.030369232231462505;0.00013883669659755209;0.001999927673837037;0.030369232231462505;0.00013883669659755209;0.001999927673837037
4.2;0.03107973466585205;0.0001440058116189165;0.002068903362443745;0.03107973466585205;0.0001440058116189165;0.002068903362443745
4.3;0.03178920545264258;0.0001492351063938669;0.0021385101488337675;0.03178920545264258;0.0001492351063938669;0.0021385101488337675
4.3999999999999995;0.03249765842694524;0.00015452369947299783;0.0022087372566182853;0.03249765842694524;0.00015452369947299783;0.0022087372566182853
4.5;0.03320510694521311;0.00015987073889908057;0.002279574300716476;0.03320510694521311;0.00015987073889908057;0.002279574300716476
4.6;0.03391156391207461;0.00016527540060268543;0.0023510112649269507;0.03391156391207461;0.00016527540060268543;0.0023510112649269507
4.7;0.034617041805109196;0.00017073688691786378;0.0024230384812428253;0.034617041805109196;0.00017073688691786378;0.0024230384812428253
4.8;0.035321552697763735;0.00017625442520654303;0.0024956466107406237;0.035321552697763735;0.00017625442520654303;0.0024956466107406237
4.9;0.0360251082805851;0.00018182726658157536;0.002568826625892955;0.0360251082805851;0.00018182726658157536;0.002568826625892955
5;0.03672771988092482;0.00018745468471949726;0.0026425697941719795;0.03672771988092482;0.00018745468471949726;0.0026425697941719795
5.1;0.037429398481254206;0.000193135974755032;0.0027168676628255392;0.037429398481254206;0.000193135974755032;0.0027168676628255392
5.2;0.038130154736213395;0.00019887045225021584;0.0027917120447207176;0.038130154736213395;0.00019887045225021584;0.0027917120447207176
5.3;0.03882999898850465;0.0002046574522317755;0.0028670950051609095;0.03882999898850465;0.0002046574522317755;0.0028670950051609095
5.4;0.03952894128372866;0.00021049632829103743;0.002943008849592352;0.03952894128372866;0.00021049632829103743;0.002943008849592352
5.5;0.04022699138425253;0.00021638645174122646;0.0030194461121247503;0.04022699138425253;0.00021638645174122646;0.0030194461121247503
5.6;0.04092415878218924;0.00022232721082752018;0.0030963995447982704;0.04092415878218924;0.00022232721082752018;0.0030963995447982704
5.7;0.04162045271156028;0.0002283180099856753;0.00317386210753593;0.04162045271156028;0.0002283180099856753;0.00317386210753593
5.8;0.04231588215970655;0.000234358269145442;0.0032518269587263654;0.04231588215970655;0.000234358269145442;0.0032518269587263654
5.9;0.04301045587800602;0.0002404474230753368;0.003330287446387248;0.04301045587800602;0.0002404474230753368;0.003330287446387248
6;0.04370418239195147;0.0002465849207656613;0.0034092370998643354;0.04370418239195147;0.0002465849207656613;0.0034092370998643354
6.1;0.0443970700106366;0.00025277022484693586;0.0034886696220253087;0.0443970700106366;0.00025277022484693586;0.0034886696220253087
6.2;0.04508912683569423;0.0002590028110411701;0.003568578881911285;0.04508912683569423;0.0002590028110411701;0.003568578881911285
6.3;0.0457803607697269;0.0002652821676436181;0.003648958907812245;0.0457803607697269;0.0002652821676436181;0.003648958907812245
6.4;0.04647077952426602;0.0002716077950328695;0.0037298038807355815;0.04647077952426602;0.0002716077950328695;0.0037298038807355815
6.5;0.047160390627293144;0.0002779792052073104;0.003811108128239675;0.047160390627293144;0.0002779792052073104;0.003811108128239675
6.6;0.04784920143035367;0.0002843959213461519;0.0038928661186068063;0.04784920143035367;0.0002843959213461519;0.0038928661186068063
6.7;0.048537219115291096;0.0002908574773933739;0.003975072455331877;0.048537219115291096;0.0002908574773933739;0.003975072455331877
6.8;0.049224450700627295;0.0002973634176630644;0.004057721871905386;0.049224450700627295;0.0002973634176630644;0.004057721871905386
6.9;0.04991090304761244;0.0003039132964647571;0.004140809226870858;0.04991090304761244;0.0003039132964647571;0.004140809226870858
7;0.05059658286596624;0.00031050667774748075;0.004224329499138525;0.05059658286596624;0.00031050667774748075;0.004224329499138525
7.1;0.051281496719330376;0.00031714313476133185;0.004308277783538531;0.051281496719330376;0.00031714313476133185;0.004308277783538531
7.2;0.051965651030450685;0.00032382224973547544;0.004392649286598195;0.051965651030450685;0.00032382224973547544;0.004392649286598195
7.3;0.05264905208610584;0.00033054361357155986;0.004477439322529132;0.05264905208610584;0.00033054361357155986;0.004477439322529132
7.4;0.05333170604179846;0.0003373068255516079;0.00456264330941105;0.05333170604179846;0.0003373068255516079;0.00456264330941105
7.5;0.05401361892622305;0.0003441114930595158;0.004648256765560086;0.05401361892622305;0.0003441114930595158;0.004648256765560086
7.6;0.0546947966455242;0.0003509572313153529;0.004734275306070407;0.0546947966455242;0.0003509572313153529;0.004734275306070407
7.7;0.05537524498735767;0.00035784366312171487;0.004820694639518659;0.05537524498735767;0.00035784366312171487;0.004820694639518659
7.8;0.05605496962476578;0.00036477041862143525;0.004907510564821575;0.05605496962476578;0.00036477041862143525;0.004907510564821575
7.9;0.056733976119877925;0.000371737135066007;0.0049947189682377794;0.056733976119877925;0.000371737135066007;0.0049947189682377794
8;0.05741226992744632;0.00037874345659411334;0.005082315820505405;0.05741226992744632;0.00037874345659411334;0.005082315820505405
8.1;0.058089856398226114;0.00038578903401970534;0.005170297174107793;0.058089856398226114;0.00038578903401970534;0.005170297174107793
8.2;0.058766740782208664;0.0003928735246291034;0.00525865916066001;0.058766740782208664;0.0003928735246291034;0.00525865916066001
8.3;0.05944292823171612;0.0003999965919866332;0.005347397988409458;0.05944292823171612;0.0003999965919866332;0.005347397988409458
8.4;0.06011842380436471;0.0004071579057483393;0.005436509939844281;0.06011842380436471;0.0004071579057483393;0.005436509939844281
8.5;0.06079323246590401;0.0004143571414833489;0.005525991369403703;0.06079323246590401;0.0004143571414833489;0.005525991369403703
8.6;0.061467359092938545;0.0004215939805024871;0.0056158387012847965;0.061467359092938545;0.0004215939805024871;0.0056158387012847965
8.7;0.062140808475538135;0.0004288681096937665;0.005706048427340566;0.062140808475538135;0.0004288681096937665;0.005706048427340566
8.8;0.06281358531974261;0.00043617922136440275;0.0057966171050645365;0.06281358531974261;0.00043617922136440275;0.0057966171050645365
8.9;0.06348569424996643;0.0004435270130890243;0.005887541355657346;0.06348569424996643;0.0004435270130890243;0.005887541355657346
9;0.0641571398113082;0.0004509111875637685;0.005978817862171136;0.0641571398113082;0.0004509111875637685;0.005978817862171136
9.1;0.06482792647176994;0.00045833145246597243;0.006070443367727762;0.06482792647176994;0.00045833145246597243;0.006070443367727762
9.2;0.06549805862439047;0.0004657875203191858;0.0061624146738071504;0.06549805862439047;0.0004657875203191858;0.0061624146738071504
9.3;0.06616754058929734;0.0004732791083632484;0.006254728638602264;0.06616754058929734;0.0004732791083632484;0.006254728638602264
9.4;0.06683637661568108;0.00048080593842919026;0.006347382175437438;0.06683637661568108;0.00048080593842919026;0.006347382175437438
9.5;0.06750457088369545;0.0004883677368187267;0.006440372251246984;0.06750457088369545;0.0004883677368187267;0.006440372251246984
9.6;0.06817212750628751;0.0004959642341881321;0.006533695885111155;0.06817212750628751;0.0004959642341881321;0.006533695885111155
9.700000000000001;0.06883905053096054;0.0005035951654362916;0.006627350146846751;0.06883905053096054;0.0005035951654362916;0.006627350146846751
9.8;0.06950534394147294;0.0005112602695967374;0.006721332155649766;0.06950534394147294;0.0005112602695967374;0.006721332155649766
9.9;0.0701710116594763;0.0005189592897334897;0.00681563907878767;0.0701710116594763;0.0005189592897334897;0.00681563907878767
10;0.0708360575460952;0.0005266919728405316;0.0069102681303390145;0.0708360575460952;0.0005266919728405316;0.0069102681303390145
10.1;0.07150048540345139;0.0005344580697447558;0.0070052165699781965;0.07150048540345139;0.0005344580697447558;0.0070052165699781965
10.200000000000001;0.0721642989761349;0.0005422573350122308;0.00710048170180334;0.0721642989761349;0.0005422573350122308;0.00710048170180334
10.3;0.07282750195262451;0.0005500895268576418;0.00719606087320536;0.07282750195262451;0.0005500895268576418;0.00719606087320536
10.4;0.07349009796665962;0.0005579544070567687;0.007291951473776374;0.07349009796665962;0.0005579544070567687;0.007291951473776374
10.5;0.07415209059856569;0.0005658517408618718;0.007388150934255726;0.07415209059856569;0.0005658517408618718;0.007388150934255726
10.6;0.07481348337653537;0.0005737812969198625;0.007484656725512003;0.07481348337653537;0.0005737812969198625;0.007484656725512003
10.700000000000001;0.07547427977786708;0.0005817428471931409;0.007581466357559456;0.07547427977786708;0.0005817428471931409;0.007581466357559456
10.8;0.07613448323016285;0.0005897361668829908;0.0076785773786073866;0.07613448323016285;0.0005897361668829908;0.0076785773786073866
10.9;0.07679409711248716;0.0005977610343554257;0.007775987374141078;0.07679409711248716;0.0005977610343554257;0.007775987374141078
11;0.07745312475648844;0.0006058172310693863;0.007873693966032963;0.07745312475648844;0.0006058172310693863;0.007873693966032963
11.1;0.07811156944748457;0.0006139045415071951;0.007971694811682752;0.07811156944748457;0.0006139045415071951;0.007971694811682752
11.200000000000001;0.07876943442551416;0.0006220227531071751;0.008069987603185343;0.07876943442551416;0.0006220227531071751;0.008069987603185343
11.3;0.07942672288635472;0.0006301716561983508;0.008168570066525372;0.07942672288635472;0.0006301716561983508;0.008168570066525372
11.4;0.08008343798250907;0.000638351043937145;0.008267439960797318;0.08008343798250907;0.000638351043937145;0.008267439960797318
11.5;0.08073958282416148;0.0006465607122459973;0.008366595077450146;0.08073958282416148;0.0006465607122459973;0.008366595077450146
11.6;0.08139516048010445;0.0006548004597538271;0.0084660332395555;0.08139516048010445;0.0006548004597538271;0.0084660332395555
11.700000000000001;0.08205017397863743;0.0006630700877382721;0.008565752301098531;0.08205017397863743;0.0006630700877382721;0.008565752301098531
11.8;0.0827046263084385;0.0006713694000696345;0.008665750146290459;0.0827046263084385;0.0006713694000696345;0.008665750146290459
11.9;0.0833585204194101;0.0006796982031564696;0.008766024688902035;0.0833585204194101;0.0006796982031564696;0.008766024688902035
12;0.08401185922349971;0.0006880563058927567;0.008866573871617095;0.08401185922349971;0.0006880563058927567;0.008866573871617095
12.1;0.08466464559549657;0.0006964435196065924;0.008967395665405433;0.08466464559549657;0.0006964435196065924;0.008967395665405433
12.200000000000001;0.08531688237380514;0.0007048596580103511;0.009068488068914284;0.08531688237380514;0.0007048596580103511;0.009068488068914284
12.3;0.08596857236119634;0.000713304537152259;0.009169849107877681;0.08596857236119634;0.000713304537152259;0.009169849107877681
12.4;0.08661971832553726;0.00072177797536933;0.009271476834543069;0.08661971832553726;0.00072177797536933;0.009271476834543069
12.5;0.08727032300050018;0.0007302797932416156;0.009373369327114483;0.08727032300050018;0.0007302797932416156;0.009373369327114483
12.6;0.08792038908625167;0.000738809813547721;0.009475524689211725;0.08792038908625167;0.000738809813547721;0.009475524689211725
12.700000000000001;0.08856991925012243;0.0007473678612215428;0.009577941049344956;0.08856991925012243;0.0007473678612215428;0.009577941049344956
12.8;0.08921891612725859;0.0007559537633101866;0.009680616560404115;0.08921891612725859;0.0007559537633101866;0.009680616560404115
12.9;0.08986738232125509;0.0007645673489330217;0.00978354939916266;0.08986738232125509;0.0007645673489330217;0.00978354939916266
13;0.09051532040477187;0.0007732084492418349;0.009886737765795132;0.09051532040477187;0.0007732084492418349;0.009886737765795132
13.1;0.09116273292013326;0.000781876897382046;0.009990179883408022;0.09116273292013326;0.000781876897382046;0.009990179883408022
13.200000000000001;0.09180962237991139;0.0007905725284549474;0.0100938739975835;0.09180962237991139;0.0007905725284549474;0.0100938739975835
13.3;0.09245599126749403;0.0007992951794809345;0.010197818375935561;0.09245599126749403;0.0007992951794809345;0.010197818375935561
13.4;0.09310184203763736;0.000808044689363694;0.010302011307678141;0.09310184203763736;0.000808044689363694;0.010302011307678141
13.5;0.0937471771170043;0.0008168208988553169;0.010406451103204808;0.0937471771170043;0.0008168208988553169;0.010406451103204808
13.6;0.09439199890468879;0.000825623650522307;0.010511136093679641;0.09439199890468879;0.000825623650522307;0.010511136093679641
13.700000000000001;0.09503630977272652;0.0008344527887124548;0.0106160646306389;0.09503630977272652;0.0008344527887124548;0.0106160646306389
13.8;0.0956801120665925;0.000843308159522549;0.010721235085603145;0.0956801120665925;0.000843308159522549;0.010721235085603145
13.9;0.09632340810568601;0.0008521896107668988;0.010826645849699442;0.09632340810568601;0.0008521896107668988;0.010826645849699442
14;0.09696620018380332;0.00086109699194664;0.01093229533329334;0.09696620018380332;0.00086109699194664;0.01093229533329334
14.1;0.09760849056959836;0.0008700301542198013;0.011038181965630285;0.09760849056959836;0.0008700301542198013;0.011038181965630285
14.200000000000001;0.09825028150703208;0.0008789889503721064;0.011144304194486164;0.09825028150703208;0.0008789889503721064;0.011144304194486164
14.3;0.09889157521581061;0.0008879732347884874;0.0112506604858267;0.09889157521581061;0.0008879732347884874;0.0112506604858267
14.4;0.09953237389181267;0.00089698286342529;0.011357249323475394;0.09953237389181267;0.00089698286342529;0.011357249323475394
14.5;0.10017267970750646;0.0009060176937831466;0.01146406920878976;0.10017267970750646;0.0009060176937831466;0.01146406920878976
14.6;0.10081249481235653;0.0009150775848804978;0.011571118660345577;0.10081249481235653;0.0009150775848804978;0.011571118660345577
14.700000000000001;0.10145182133322084;0.0009241623972277436;0.011678396213628909;0.10145182133322084;0.0009241623972277436;0.011678396213628909
14.8;0.10209066137473823;0.0009332719928020029;0.011785900420735662;0.10209066137473823;0.0009332719928020029;0.011785900420735662
14.9;0.10272901701970683;0.0009424062350224643;0.01189362985007843;0.10272901701970683;0.0009424062350224643;0.01189362985007843
15;0.10336689032945341;0.0009515649887263114;0.012001583086100413;0.10336689032945341;0.0009515649887263114;0.012001583086100413
15.1;0.1040042833441941;0.0009607481201452039;0.01210975872899619;0.1040042833441941;0.0009607481201452039;0.01210975872899619
15.200000000000001;0.1046411980833868;0.0009699554968822982;0.012218155394439134;0.1046411980833868;0.0009699554968822982;0.012218155394439134
15.3;0.10527763654607525;0.0009791869878897938;0.012326771713315284;0.10527763654607525;0.0009791869878897938;0.012326771713315284
15.4;0.1059136007112254;0.0009884424634469867;0.012435606331463456;0.1059136007112254;0.0009884424634469867;0.012435606331463456
15.5;0.10654909253805395;0.0009977217951388185;0.012544657909421433;0.10654909253805395;0.0009977217951388185;0.012544657909421433
15.6;0.1071841139663495;0.0010070248558349056;0.01265392512217803;0.1071841139663495;0.0010070248558349056;0.01265392512217803
15.700000000000001;0.10781866691678643;0.0010163515196690324;0.012763406658930882;0.10781866691678643;0.0010163515196690324;0.012763406658930882
15.8;0.1084527532912318;0.0010257016620191012;0.012873101222849778;0.1084527532912318;0.0010257016620191012;0.012873101222849778
15.9;0.10908637497304532;0.0010350751594875188;0.01298300753084538;0.10908637497304532;0.0010350751594875188;0.01298300753084538
16;0.10971953382737282;0.0010444718898820144;0.013093124313343162;0.10971953382737282;0.0010444718898820144;0.013093124313343162
16.1;0.11035223170143311;0.0010538917321968697;0.013203450314062455;0.11035223170143311;0.0010538917321968697;0.013203450314062455
16.200000000000003;0.11098447042479875;0.0010633345665945573;0.013313984289800402;0.11098447042479875;0.0010633345665945573;0.013313984289800402
16.3;0.11161625180967057;0.0010728002743877697;0.013424725010220724;0.11161625180967057;0.0010728002743877697;0.013424725010220724
16.400000000000002;0.11224757765114633;0.0010822887380218323;0.01353567125764714;0.11224757765114633;0.0010822887380218323;0.01353567125764714
16.500000000000004;0.11287844972748365;0.0010917998410574878;0.013646821826861331;0.11287844972748365;0.0010917998410574878;0.013646821826861331
16.6;0.11350886980035729;0.001101333468154044;0.013758175524905285;0.11350886980035729;0.001101333468154044;0.013758175524905285
16.700000000000003;0.11413883961511097;0.0011108895050528718;0.01386973117088795;0.11413883961511097;0.0011108895050528718;0.01386973117088795
16.8;0.11476836090100394;0.0011204678385612482;0.013981487595796037;0.11476836090100394;0.0011204678385612482;0.013981487595796037
16.900000000000002;0.11539743537145233;0.0011300683565365326;0.014093443642308886;0.11539743537145233;0.0011300683565365326;0.014093443642308886
17.000000000000004;0.11602606472426552;0.0011396909478706677;0.014205598164617257;0.11602606472426552;0.0011396909478706677;0.014205598164617257
17.1;0.1166542506418776;0.0011493355024749976;0.014317950028245978;0.1166542506418776;0.0011493355024749976;0.014317950028245978
17.200000000000003;0.11728199479157403;0.0011590019112653939;0.014430498109880308;0.11728199479157403;0.0011590019112653939;0.014430498109880308
17.3;0.11790929882571378;0.0011686900661476813;0.014543241297195942;0.11790929882571378;0.0011686900661476813;0.014543241297195942
17.400000000000002;0.11853616438194683;0.001178399860003358;0.014656178488692547;0.11853616438194683;0.001178399860003358;0.014656178488692547
17.500000000000004;0.11916259308342735;0.001188131186675598;0.014769308593530752;0.11916259308342735;0.001188131186675598;0.014769308593530752
17.6;0.11978858653902251;0.0011978839409555343;0.014882630531372475;0.11978858653902251;0.0011978839409555343;0.014882630531372475
17.700000000000003;0.12041414634351724;0.0012076580185688102;0.014996143232224524;0.12041414634351724;0.0012076580185688102;0.014996143232224524
17.8;0.12103927407781487;0.001217453316162397;0.01510984563628539;0.12103927407781487;0.001217453316162397;0.01510984563628539
17.900000000000002;0.12166397130913367;0.0012272697312916663;0.015223736693795112;0.12166397130913367;0.0012272697312916663;0.015223736693795112
18.000000000000004;0.1222882395911998;0.0012371071624077158;0.015337815364888189;0.1222882395911998;0.0012371071624077158;0.015337815364888189
18.1;0.12291208046443625;0.001246965508844938;0.015452080619449417;0.12291208046443625;0.001246965508844938;0.015452080619449417
18.200000000000003;0.12353549545614821;0.0012568446708088284;0.015566531436972605;0.12353549545614821;0.0012568446708088284;0.015566531436972605
18.3;0.12415848608070487;0.0012667445493640258;0.015681166806422075;0.12415848608070487;0.0012667445493640258;0.015681166806422075
18.400000000000002;0.12478105383971765;0.0012766650464225802;0.015795985726096893;0.12478105383971765;0.0012766650464225802;0.015795985726096893
18.500000000000004;0.12540320022221513;0.0012866060647324423;0.015910987203497765;0.12540320022221513;0.0012866060647324423;0.015910987203497765
18.6;0.12602492670481458;0.00129656750786617;0.016026170255196513;0.12602492670481458;0.00129656750786617;0.016026170255196513
18.700000000000003;0.1266462347518902;0.0013065492802098433;0.01614153390670808;0.1266462347518902;0.0013065492802098433;0.01614153390670808
18.8;0.12726712581573837;0.001316551286952189;0.016257077192365008;0.12726712581573837;0.001316551286952189;0.016257077192365008
18.900000000000002;0.12788760133673957;0.0013265734340739029;0.016372799155194313;0.12788760133673957;0.0013265734340739029;0.016372799155194313
19.000000000000004;0.12850766274351752;0.0013366156283371713;0.01648869884679671;0.12850766274351752;0.0013366156283371713;0.01648869884679671
19.1;0.12912731145309522;0.0013466777772753824;0.016604775327228132;0.12912731145309522;0.0013466777772753824;0.016604775327228132
19.200000000000003;0.12974654887104814;0.0013567597891830261;0.016721027664883484;0.12974654887104814;0.0013567597891830261;0.016721027664883484
19.300000000000004;0.13036537639165463;0.0013668615731057758;0.01683745493638256;0.13036537639165463;0.0013668615731057758;0.01683745493638256
19.400000000000002;0.13098379539804364;0.0013769830388307494;0.01695405622645812;0.13098379539804364;0.0013769830388307494;0.01695405622645812
19.500000000000004;0.13160180726233964;0.0013871240968769455;0.017070830627846027;0.13160180726233964;0.0013871240968769455;0.017070830627846027
19.6;0.13221941334580503;0.0013972846584858487;0.01718777724117741;0.13221941334580503;0.0013972846584858487;0.01718777724117741
19.700000000000003;0.13283661499897995;0.0014074646356122028;0.017304895174872825;0.13283661499897995;0.0014074646356122028;0.017304895174872825
19.800000000000004;0.13345341356181953;0.001417663940914947;0.017422183545038352;0.13345341356181953;0.001417663940914947;0.017422183545038352
19.900000000000002;0.13406981036382884;0.0014278824877483102;0.017539641475363563;0.13406981036382884;0.0014278824877483102;0.017539641475363563
20.000000000000004;0.13468580672419542;0.0014381201901530621;0.017657268097021363;0.13468580672419542;0.0014381201901530621;0.017657268097021363
20.1;0.13530140395191936;0.0014483769628479163;0.01777506254856962;0.13530140395191936;0.0014483769628479163;0.01777506254856962
20.200000000000003;0.13591660334594122;0.0014586527212210815;0.017893023975854568;0.13591660334594122;0.0014586527212210815;0.017893023975854568
20.300000000000004;0.13653140619526763;0.0014689473813219592;0.018011151531915928;0.13653140619526763;0.0014689473813219592;0.018011151531915928
20.400000000000002;0.13714581377909488;0.0014792608598529831;0.018129444376893723;0.13714581377909488;0.0014792608598529831;0.018129444376893723
20.500000000000004;0.1377598273669302;0.001489593074161598;0.01824790167793672;0.1377598273669302;0.001489593074161598;0.01824790167793672
20.6;0.13837344821871106;0.0014999439422323747;0.018366522609112517;0.13837344821871106;0.0014999439422323747;0.018366522609112517
20.700000000000003;0.13898667758492234;0.0015103133826792582;0.01848530635131917;0.13898667758492234;0.0015103133826792582;0.01848530635131917
20.800000000000004;0.13959951670671164;0.0015207013147379464;0.018604252092198376;0.13959951670671164;0.0015207013147379464;0.018604252092198376
20.900000000000002;0.14021196681600254;0.0015311076582583958;0.018723359026050154;0.14021196681600254;0.0015311076582583958;0.018723359026050154
21.000000000000004;0.14082402913560596;0.0015415323336974529;0.01884262635374901;0.14082402913560596;0.0015415323336974529;0.01884262635374901
21.1;0.14143570487932972;0.0015519752621116073;0.018962053282661543;0.14143570487932972;0.0015519752621116073;0.018962053282661543
21.200000000000003;0.14204699525208617;0.0015624363651498636;0.01908163902656543;0.14204699525208617;0.0015624363651498636;0.01908163902656543
21.300000000000004;0.14265790144999818;0.0015729155650467325;0.019201382805569833;0.14265790144999818;0.0015729155650467325;0.019201382805569833
21.400000000000002;0.1432684246605032;0.0015834127846153336;0.01932128384603711;0.1432684246605032;0.0015834127846153336;0.01932128384603711
21.500000000000004;0.14387856606245583;0.001593927947240613;0.019441341380505888;0.14387856606245583;0.001593927947240613;0.019441341380505888
21.6;0.1444883268262284;0.0016044609768726694;0.0195615546476154;0.1444883268262284;0.0016044609768726694;0.0195615546476154
21.700000000000003;0.14509770811381023;0.001615011798020188;0.019681922892031092;0.14509770811381023;0.001615011798020188;0.019681922892031092
21.800000000000004;0.1457067110789051;0.0016255803357439805;0.019802445364371465;0.1457067110789051;0.0016255803357439805;0.019802445364371465
21.900000000000002;0.14631533686702722;0.001636166515650627;0.01992312132113614;0.14631533686702722;0.001636166515650627;0.01992312132113614
22.000000000000004;0.14692358661559565;0.0016467702638862198;0.020043950024635094;0.14692358661559565;0.0016467702638862198;0.020043950024635094
22.1;0.14753146145402707;0.0016573915071302074;0.020164930742919057;0.14753146145402707;0.0016573915071302074;0.020164930742919057
22.200000000000003;0.14813896250382733;0.0016680301725893328;0.02028606274971106;0.14813896250382733;0.0016680301725893328;0.02028606274971106
22.300000000000004;0.14874609087868132;0.0016786861879916695;0.020407345324339098;0.14874609087868132;0.0016786861879916695;0.020407345324339098
22.400000000000002;0.14935284768454163;0.0016893594815807498;0.02052877775166984;0.14935284768454163;0.0016893594815807498;0.02052877775166984
22.500000000000004;0.14995923401971553;0.0017000499821097834;0.02065035932204347;0.14995923401971553;0.0017000499821097834;0.02065035932204347
22.6;0.1505652509749509;0.001710757618835968;0.020772089331209526;0.1505652509749509;0.001710757618835968;0.020772089331209526
22.700000000000003;0.15117089963352068;0.0017214823215148845;0.020893967080263795;0.15117089963352068;0.0017214823215148845;0.020893967080263795
22.800000000000004;0.1517761810713059;0.0017322240203949814;0.021015991875586185;0.1517761810713059;0.0017322240203949814;0.021015991875586185
22.900000000000002;0.15238109635687766;0.001742982646212141;0.021138163028779598;0.15238109635687766;0.001742982646212141;0.021138163028779598
23.000000000000004;0.15298564655157768;0.0017537581301843297;0.021260479856609765;0.15298564655157768;0.0017537581301843297;0.021260479856609765
23.1;0.15358983270959767;0.0017645504040063285;0.021382941680946017;0.15358983270959767;0.0017645504040063285;0.021382941680946017
23.200000000000003;0.15419365587805753;0.0017753593998445449;0.021505547828703002;0.15419365587805753;0.0017753593998445449;0.021505547828703002
23.300000000000004;0.15479711709708227;0.001786185050331899;0.021628297631783283;0.15479711709708227;0.001786185050331899;0.021628297631783283
23.400000000000002;0.15540021739987786;0.0017970272885627916;0.021751190427020842;0.15540021739987786;0.0017970272885627916;0.021751190427020842
23.500000000000004;0.1560029578128059;0.0018078860480881416;0.02187422555612545;0.1560029578128059;0.0018078860480881416;0.02187422555612545
23.6;0.15660533935545717;0.001818761262910501;0.021997402365627895;0.15660533935545717;0.001818761262910501;0.021997402365627895
23.700000000000003;0.1572073630407241;0.0018296528674792399;0.022120720206826067;0.1572073630407241;0.0018296528674792399;0.022120720206826067
23.800000000000004;0.15780902987487214;0.001840560796685804;0.02224417843573181;0.15780902987487214;0.001840560796685804;0.02224417843573181
23.900000000000002;0.15841034085761005;0.0018514849858590398;0.022367776413018653;0.15841034085761005;0.0018514849858590398;0.022367776413018653
24.000000000000004;0.15901129698215924;0.0018624253707605904;0.022491513503970266;0.15901129698215924;0.0018624253707605904;0.022491513503970266
24.1;0.15961189923532207;0.0018733818875803555;0.022615389078429738;0.15961189923532207;0.0018733818875803555;0.022615389078429738
24.200000000000003;0.16021214859754912;0.0018843544729320188;0.022739402510749594;0.16021214859754912;0.0018843544729320188;0.022739402510749594
24.300000000000004;0.16081204604300536;0.0018953430638486398;0.022863553179742563;0.16081204604300536;0.0018953430638486398;0.022863553179742563
24.400000000000002;0.16141159253963566;0.0019063475977783083;0.02298784046863308;0.16141159253963566;0.0019063475977783083;0.02298784046863308
24.500000000000004;0.16201078904922914;0.0019173680125798612;0.023112263765009498;0.16201078904922914;0.0019173680125798612;0.023112263765009498
24.6;0.16260963652748256;0.001928404246518661;0.02323682246077702;0.16260963652748256;0.001928404246518661;0.02323682246077702
24.700000000000003;0.163208135924063;0.0019394562382624332;0.023361515952111313;0.163208135924063;0.0019394562382624332;0.023361515952111313
24.800000000000004;0.16380628818266946;0.0019505239268771623;0.023486343639412793;0.16380628818266946;0.0019505239268771623;0.023486343639412793
24.900000000000002;0.16440409424109367;0.001961607251823048;0.02361130492726159;0.16440409424109367;0.001961607251823048;0.02361130492726159
25.000000000000004;0.16500155503128003;0.0019727061529505132;0.023736399224373175;0.16500155503128003;0.0019727061529505132;0.023736399224373175
25.1;0.16559867147938476;0.0019838205704962746;0.02386162594355459;0.16559867147938476;0.0019838205704962746;0.02386162594355459
25.200000000000003;0.16619544450583404;0.0019949504450794617;0.02398698450166136;0.16619544450583404;0.0019949504450794617;0.02398698450166136
25.300000000000004;0.1667918750253816;0.0020060957176977912;0.024112474319554985;0.1667918750253816;0.0020060957176977912;0.024112474319554985
25.400000000000002;0.16738796394716524;0.0020172563297237976;0.02423809482206105;0.16738796394716524;0.0020172563297237976;0.02423809482206105
25.500000000000004;0.16798371217476282;0.002028432222901111;0.02436384543792794;0.16798371217476282;0.002028432222901111;0.02436384543792794
25.6;0.16857912060624733;0.0020396233393407885;0.02448972559978613;0.16857912060624733;0.0020396233393407885;0.02448972559978613
25.700000000000003;0.16917419013424112;0.0020508296215176946;0.02461573474410806;0.16917419013424112;0.0020508296215176946;0.02461573474410806
25.800000000000004;0.16976892164596963;0.0020620510122669323;0.02474187231116856;0.16976892164596963;0.0020620510122669323;0.02474187231116856
25.900000000000002;0.1703633160233142;0.00207328745478032;0.024868137745005847;0.1703633160233142;0.00207328745478032;0.024868137745005847
26.000000000000004;0.1709573741428642;0.002084538892602917;0.024994530493383054;0.1709573741428642;0.002084538892602917;0.024994530493383054
26.1;0.17155109687596845;0.0020958052696295982;0.025121050007750303;0.17155109687596845;0.0020958052696295982;0.025121050007750303
26.200000000000003;0.1721444850887861;0.00210708653010167;0.025247695743207288;0.1721444850887861;0.00210708653010167;0.025247695743207288
26.300000000000004;0.1727375396423365;0.002118382618603535;0.025374467158466408;0.1727375396423365;0.002118382618603535;0.025374467158466408
26.400000000000002;0.17333026139254878;0.0021296934800593987;0.025501363715816367;0.17333026139254878;0.0021296934800593987;0.025501363715816367
26.500000000000004;0.17392265119031036;0.0021410190597300214;0.025628384881086298;0.17392265119031036;0.0021410190597300214;0.025628384881086298
26.6;0.1745147098815153;0.0021523593032095126;0.025755530123610364;0.1745147098815153;0.0021523593032095126;0.025755530123610364
26.700000000000003;0.1751064383071115;0.002163714156422167;0.025882798916192853;0.1751064383071115;0.002163714156422167;0.025882798916192853
26.800000000000004;0.17569783730314775;0.0021750835656193413;0.026010190735073744;0.17569783730314775;0.0021750835656193413;0.026010190735073744
26.900000000000002;0.17628890770081979;0.0021864674773763733;0.026137705059894722;0.17628890770081979;0.0021864674773763733;0.026137705059894722
27.000000000000004;0.176879650326516;0.00219786583858954;0.026265341373665672;0.176879650326516;0.00219786583858954;0.026265341373665672
27.1;0.17747006600186233;0.002209278596473055;0.026393099162731613;0.17747006600186233;0.002209278596473055;0.026393099162731613
27.200000000000003;0.17806015554376672;0.002220705698556105;0.02652097791674006;0.17806015554376672;0.002220705698556105;0.02652097791674006
27.300000000000004;0.17864991976446315;0.0022321470926799252;0.02664897712860885;0.17864991976446315;0.0022321470926799252;0.02664897712860885
27.400000000000002;0.17923935947155464;0.0022436027269949112;0.026777096294494367;0.17923935947155464;0.0022436027269949112;0.026777096294494367
27.500000000000004;0.1798284754680562;0.0022550725499577654;0.026905334913760202;0.1798284754680562;0.0022550725499577654;0.026905334913760202
27.6;0.18041726855243687;0.002266556510328685;0.027033692488946222;0.18041726855243687;0.002266556510328685;0.027033692488946222
27.700000000000003;0.1810057395186615;0.002278054557168581;0.02716216852573804;0.1810057395186615;0.002278054557168581;0.02716216852573804
27.800000000000004;0.18159388915623173;0.0022895666398363348;0.027290762532936903;0.18159388915623173;0.0022895666398363348;0.027290762532936903
27.900000000000002;0.18218171825022667;0.0023010927079860875;0.02741947402242993;0.18218171825022667;0.0023010927079860875;0.02741947402242993
28.000000000000004;0.18276922758134292;0.002312632711564565;0.027548302509160783;0.18276922758134292;0.002312632711564565;0.027548302509160783
28.1;0.1833564179259343;0.0023241866008084353;0.027677247511100712;0.1833564179259343;0.0023241866008084353;0.027677247511100712
28.200000000000003;0.18394329005605067;0.0023357543262416997;0.027806308549219925;0.18394329005605067;0.0023357543262416997;0.027806308549219925
28.300000000000004;0.18452984473947676;0.002347335838673114;0.027935485147459384;0.18452984473947676;0.002347335838673114;0.027935485147459384
28.400000000000002;0.18511608273977018;0.0023589310891936454;0.028064776832702934;0.18511608273977018;0.0023589310891936454;0.028064776832702934
28.500000000000004;0.18570200481629906;0.002370540029173957;0.02819418313474979;0.18570200481629906;0.002370540029173957;0.02819418313474979
28.6;0.18628761172427932;0.002382162610261925;0.02832370358628737;0.18628761172427932;0.002382162610261925;0.02832370358628737
28.700000000000003;0.18687290421481123;0.0023937987843801866;0.028453337722864496;0.18687290421481123;0.0023937987843801866;0.028453337722864496
28.800000000000004;0.1874578830349158;0.002405448503723717;0.02858308508286489;0.1874578830349158;0.002405448503723717;0.02858308508286489
28.900000000000002;0.18804254892757064;0.0024171117207574355;0.028712945207481043;0.18804254892757064;0.0024171117207574355;0.028712945207481043
29.000000000000004;0.18862690263174514;0.0024287883882138416;0.028842917640688397;0.18862690263174514;0.0024287883882138416;0.028842917640688397
29.1;0.1892109448824357;0.0024404784590906794;0.02897300192921985;0.1892109448824357;0.0024404784590906794;0.02897300192921985
29.200000000000003;0.18979467641070008;0.0024521818866486285;0.029103197622540565;0.18979467641070008;0.0024521818866486285;0.029103197622540565
29.300000000000004;0.19037809794369154;0.0024638986244090253;0.029233504272823126;0.19037809794369154;0.0024638986244090253;0.029233504272823126
29.400000000000002;0.19096121020469264;0.0024756286261516094;0.029363921434922963;0.19096121020469264;0.0024756286261516094;0.029363921434922963
29.500000000000004;0.1915440139131485;0.002487371845912298;0.029494448666354107;0.1915440139131485;0.002487371845912298;0.029494448666354107
29.6;0.1921265097846996;0.002499128237980985;0.02962508552726522;0.1921265097846996;0.002499128237980985;0.02962508552726522
29.700000000000003;0.19270869853121456;0.002510897756899369;0.02975583158041595;0.19270869853121456;0.002510897756899369;0.02975583158041595
29.800000000000004;0.193290580860822;0.0025226803574588045;0.029886686391153543;0.193290580860822;0.0025226803574588045;0.029886686391153543
29.900000000000002;0.1938721574779424;0.0025344759946981784;0.030017649527389754;0.1938721574779424;0.0025344759946981784;0.030017649527389754
30.000000000000004;0.1944534290833195;0.002546284623901813;0.03014872055957804;0.1944534290833195;0.002546284623901813;0.03014872055957804
30.1;0.19503439637405132;0.0025581062005973917;0.030279899060691024;0.19503439637405132;0.0025581062005973917;0.030279899060691024
30.200000000000003;0.1956150600436207;0.0025699406805539107;0.030411184606198228;0.1956150600436207;0.0025699406805539107;0.030411184606198228
30.300000000000004;0.19619542078192576;0.0025817880197796525;0.030542576774044084;0.19619542078192576;0.0025817880197796525;0.030542576774044084
30.400000000000002;0.1967754792753096;0.002593648174520184;0.0306740751446262;0.1967754792753096;0.002593648174520184;0.0306740751446262
30.500000000000004;0.1973552362065902;0.0026055211012563774;0.030805679300773877;0.1973552362065902;0.0026055211012563774;0.030805679300773877
30.6;0.1979346922550894;0.002617406756702453;0.030937388827726904;0.1979346922550894;0.002617406756702453;0.030937388827726904
30.700000000000003;0.19851384809666192;0.0026293050978040463;0.03106920331311458;0.19851384809666192;0.0026293050978040463;0.03106920331311458
30.800000000000004;0.19909270440372395;0.0026412160817362957;0.031201122346935003;0.19909270440372395;0.0026412160817362957;0.031201122346935003
30.900000000000002;0.1996712618452814;0.0026531396659019517;0.03133314552153459;0.1996712618452814;0.0026531396659019517;0.03133314552153459
31.000000000000004;0.20024952108695773;0.0026650758079295087;0.03146527243158785;0.20024952108695773;0.0026650758079295087;0.03146527243158785
31.1;0.2008274827910218;0.0026770244656713574;0.03159750267407738;0.2008274827910218;0.0026770244656713574;0.03159750267407738
31.200000000000003;0.20140514761641493;0.0026889855972019572;0.031729835848274095;0.20140514761641493;0.0026889855972019572;0.031729835848274095
31.300000000000004;0.201982516218778;0.00270095916081603;0.031862271555717706;0.201982516218778;0.00270095916081603;0.031862271555717706
31.400000000000002;0.20255958925047815;0.0027129451150267746;0.0319948094001974;0.20255958925047815;0.0027129451150267746;0.0319948094001974
31.500000000000004;0.20313636736063512;0.002724943418564101;0.03212744898773277;0.20313636736063512;0.002724943418564101;0.03212744898773277
31.6;0.20371285119514737;0.0027369540303728815;0.03226018992655493;0.20371285119514737;0.0027369540303728815;0.03226018992655493
31.700000000000003;0.20428904139671794;0.002748976909611226;0.03239303182708789;0.20428904139671794;0.002748976909611226;0.03239303182708789
31.800000000000004;0.20486493860487986;0.002761012015648773;0.032525974301930084;0.20486493860487986;0.002761012015648773;0.032525974301930084
31.900000000000002;0.20544054345602147;0.0027730593080649993;0.03265901696583619;0.20544054345602147;0.0027730593080649993;0.03265901696583619
32;0.20601585658341137;0.0027851187466475507;0.032792159435699075;0.20601585658341137;0.0027851187466475507;0.032792159435699075
32.1;0.206590878617223;0.002797190291390589;0.03292540133053202;0.206590878617223;0.002797190291390589;0.03292540133053202
32.2;0.2071656101845592;0.002809273902493157;0.033058742271451065;0.2071656101845592;0.002809273902493157;0.033058742271451065
32.300000000000004;0.20774005190947628;0.002821369540357564;0.03319218188165764;0.20774005190947628;0.002821369540357564;0.03319218188165764
32.400000000000006;0.20831420441300788;0.002833477165587783;0.0333257197864213;0.20831420441300788;0.002833477165587783;0.0333257197864213
32.5;0.20888806831318862;0.002845596738987873;0.03345935561306275;0.20888806831318862;0.002845596738987873;0.03345935561306275
32.6;0.2094616442250775;0.002857728221560412;0.03359308899093697;0.2094616442250775;0.002857728221560412;0.03359308899093697
32.7;0.2100349327607809;0.002869871574504949;0.0337269195514166;0.2100349327607809;0.002869871574504949;0.0337269195514166
32.800000000000004;0.21060793452947554;0.002882026759216474;0.03386084692787546;0.21060793452947554;0.002882026759216474;0.03386084692787546
32.900000000000006;0.21118065013743118;0.0028941937372839025;0.03399487075567225;0.21118065013743118;0.0028941937372839025;0.03399487075567225
33;0.2117530801880327;0.0029063724704885756;0.03412899067213451;0.2117530801880327;0.0029063724704885756;0.03412899067213451
33.1;0.21232522528180264;0.0029185629208027786;0.03426320631654266;0.21232522528180264;0.0029185629208027786;0.03426320631654266
33.2;0.2128970860164227;0.002930765050388275;0.034397517330114216;0.2128970860164227;0.002930765050388275;0.034397517330114216
33.300000000000004;0.2134686629867557;0.002942978821594851;0.034531923355988293;0.2134686629867557;0.002942978821594851;0.034531923355988293
33.400000000000006;0.2140399567848669;0.0029552041969588827;0.034666424039210136;0.2140399567848669;0.0029552041969588827;0.034666424039210136
33.5;0.21461096800004523;0.002967441139201914;0.03480101902671591;0.21461096800004523;0.002967441139201914;0.03480101902671591
33.6;0.21518169721882427;0.0029796896112292493;0.03493570796731763;0.21518169721882427;0.0029796896112292493;0.03493570796731763
33.7;0.21575214502500306;0.0029919495761285626;0.03507049051168822;0.21575214502500306;0.0029919495761285626;0.03507049051168822
33.800000000000004;0.21632231199966662;0.0030042209971685202;0.03520536631234682;0.21632231199966662;0.0030042209971685202;0.03520536631234682
33.900000000000006;0.21689219872120624;0.003016503837797417;0.03534033502364412;0.21689219872120624;0.003016503837797417;0.03534033502364412
34;0.21746180576533977;0.0030287980616418293;0.035475396301748;0.21746180576533977;0.0030287980616418293;0.035475396301748
34.1;0.21803113370513136;0.003041103632505278;0.0356105498046292;0.21803113370513136;0.003041103632505278;0.0356105498046292
34.2;0.21860018311101123;0.0030534205143669096;0.035745795192047215;0.21860018311101123;0.0030534205143669096;0.035745795192047215
34.300000000000004;0.21916895455079521;0.0030657486713801863;0.035881132125536314;0.21916895455079521;0.0030657486713801863;0.035881132125536314
34.400000000000006;0.2197374485897041;0.0030780880678715934;0.0360165602683917;0.2197374485897041;0.0030780880678715934;0.0360165602683917
34.5;0.22030566579038263;0.003090438668339358;0.036152079285655836;0.22030566579038263;0.003090438668339358;0.036152079285655836
34.6;0.2208736067129185;0.00310280043745218;0.0362876888441049;0.2208736067129185;0.00310280043745218;0.0362876888441049
34.7;0.22144127191486107;0.003115173340047979;0.03642338861223541;0.22144127191486107;0.003115173340047979;0.03642338861223541
34.800000000000004;0.2220086619512399;0.00312755734113265;0.03655917826025093;0.2220086619512399;0.00312755734113265;0.03655917826025093
34.900000000000006;0.22257577737458303;0.0031399524058788337;0.036695057460048974;0.22257577737458303;0.0031399524058788337;0.036695057460048974
35;0.22314261873493532;0.0031523584996247;0.036831025885208035;0.22314261873493532;0.0031523584996247;0.036831025885208035
35.1;0.2237091865798762;0.003164775587872742;0.0369670832109747;0.2237091865798762;0.003164775587872742;0.0369670832109747
35.2;0.22427548145453768;0.003177203636288584;0.037103229114250985;0.22427548145453768;0.003177203636288584;0.037103229114250985
35.300000000000004;0.22484150390162175;0.003189642610699796;0.0372394632735817;0.22484150390162175;0.003189642610699796;0.0372394632735817
35.400000000000006;0.225407254461418;0.00320209247709473;0.03737578536914205;0.225407254461418;0.00320209247709473;0.03737578536914205
35.5;0.2259727336718208;0.0032145532016213587;0.037512195082725276;0.2259727336718208;0.0032145532016213587;0.037512195082725276
35.6;0.22653794206834652;0.0032270247505861278;0.03764869209773046;0.22653794206834652;0.0032270247505861278;0.03764869209773046
35.7;0.22710288018415026;0.0032395070904528236;0.037785276099150465;0.22710288018415026;0.0032395070904528236;0.037785276099150465
35.800000000000004;0.22766754855004281;0.0032520001878414474;0.037921946773559964;0.22766754855004281;0.0032520001878414474;0.037921946773559964
35.900000000000006;0.2282319476945071;0.0032645040095271023;0.03805870380910364;0.2282319476945071;0.0032645040095271023;0.03805870380910364
36;0.22879607814371472;0.0032770185224388917;0.03819554689548443;0.22879607814371472;0.0032770185224388917;0.03819554689548443
36.1;0.22935994042154217;0.003289543693658828;0.03833247572395198;0.22935994042154217;0.003289543693658828;0.03833247572395198
36.2;0.22992353504958696;0.003302079490420751;0.038469489987291154;0.22992353504958696;0.003302079490420751;0.038469489987291154
36.300000000000004;0.23048686254718356;0.0033146258801092588;0.038606589379810666;0.23048686254718356;0.0033146258801092588;0.038606589379810666
36.400000000000006;0.23104992343141925;0.0033271828302586454;0.038743773597331846;0.23104992343141925;0.0033271828302586454;0.038743773597331846
36.5;0.23161271821714977;0.0033397503085518545;0.0388810423371775;0.23161271821714977;0.0033397503085518545;0.0388810423371775
36.6;0.23217524741701476;0.0033523282828194366;0.03901839529816089;0.23217524741701476;0.0033523282828194366;0.03901839529816089
36.7;0.23273751154145317;0.0033649167210385226;0.039155832180574814;0.23273751154145317;0.0033649167210385226;0.039155832180574814
36.800000000000004;0.2332995110987184;0.003377515591331801;0.03929335268618083;0.2332995110987184;0.003377515591331801;0.03929335268618083
36.900000000000006;0.2338612465948934;0.00339012486196651;0.03943095651819852;0.2338612465948934;0.00339012486196651;0.03943095651819852
37;0.23442271853390562;0.0034027445013534354;0.039568643381294934;0.23442271853390562;0.0034027445013534354;0.039568643381294934
37.1;0.23498392741754168;0.0034153744780459215;0.03970641298157407;0.23498392741754168;0.0034153744780459215;0.03970641298157407
37.2;0.23554487374546204;0.003428014760738888;0.03984426502656651;0.23554487374546204;0.003428014760738888;0.03984426502656651
37.300000000000004;0.2361055580152156;0.003440665318267859;0.039982199225219124;0.2361055580152156;0.003440665318267859;0.039982199225219124
37.400000000000006;0.23666598072225387;0.0034533261196079985;0.04012021528788491;0.23666598072225387;0.0034533261196079985;0.04012021528788491
37.5;0.23722614235994532;0.0034659971338731575;0.04025831292631289;0.23722614235994532;0.0034659971338731575;0.04025831292631289
37.6;0.23778604341958948;0.0034786783303149297;0.04039649185363813;0.23778604341958948;0.0034786783303149297;0.04039649185363813
37.7;0.23834568439043072;0.003491369678321713;0.04053475178437184;0.23834568439043072;0.003491369678321713;0.04053475178437184
37.800000000000004;0.2389050657596723;0.0035040711474177825;0.0406730924343916;0.2389050657596723;0.0035040711474177825;0.0406730924343916
37.900000000000006;0.23946418801248995;0.003516782707262374;0.04081151352093165;0.23946418801248995;0.003516782707262374;0.04081151352093165
38;0.24002305163204543;0.003529504327648771;0.04095001476257329;0.24002305163204543;0.003529504327648771;0.04095001476257329
38.1;0.24058165709949997;0.0035422359785034032;0.04108859587923535;0.24058165709949997;0.0035422359785034032;0.04108859587923535
38.2;0.24114000489402765;0.003554977629884954;0.041227256592164786;0.24114000489402765;0.003554977629884954;0.041227256592164786
38.300000000000004;0.2416980954928285;0.003567729251983474;0.041365996623927336;0.2416980954928285;0.003567729251983474;0.041365996623927336
38.400000000000006;0.24225592937114168;0.003580490815119504;0.04150481569839829;0.24225592937114168;0.003580490815119504;0.04150481569839829
38.50000000000001;0.24281350700225834;0.0035932622897432067;0.041643713540753316;0.24281350700225834;0.0035932622897432067;0.041643713540753316
38.6;0.2433708288575345;0.0036060436464335037;0.04178268987745938;0.2433708288575345;0.0036060436464335037;0.04178268987745938
38.7;0.24392789540640375;0.0036188348558972233;0.041921744436265805;0.24392789540640375;0.0036188348558972233;0.041921744436265805
38.800000000000004;0.2444847071163899;0.0036316358889682547;0.04206087694619533;0.2444847071163899;0.0036316358889682547;0.04206087694619533
38.900000000000006;0.24504126445311938;0.0036444467166067097;0.04220008713753531;0.24504126445311938;0.0036444467166067097;0.04220008713753531
39.00000000000001;0.2455975678803337;0.0036572673098980916;0.04233937474182898;0.2455975678803337;0.0036572673098980916;0.04233937474182898
39.1;0.24615361785990164;0.003670097640052474;0.0424787394918668;0.24615361785990164;0.003670097640052474;0.0424787394918668
39.2;0.24670941485183145;0.003682937678403684;0.04261818112167789;0.24670941485183145;0.003682937678403684;0.04261818112167789
39.300000000000004;0.24726495931428286;0.003695787396408494;0.042757699366521525;0.24726495931428286;0.003695787396408494;0.042757699366521525
39.400000000000006;0.247820251703579;0.0037086467656458205;0.04289729396287874;0.247820251703579;0.0037086467656458205;0.04289729396287874
39.50000000000001;0.24837529247421833;0.003721515757815932;0.04303696464844399;0.24837529247421833;0.003721515757815932;0.04303696464844399
39.6;0.24893008207888623;0.0037343943447396594;0.04317671116211688;0.24893008207888623;0.0037343943447396594;0.04317671116211688
39.7;0.24948462096846669;0.003747282498357619;0.043316533243993996;0.24948462096846669;0.003747282498357619;0.043316533243993996
39.800000000000004;0.2500389095920538;0.003760180190729437;0.04345643063536077;0.2500389095920538;0.003760180190729437;0.04345643063536077
39.900000000000006;0.2505929483969633;0.0037730873940329864;0.043596403078683496;0.2505929483969633;0.0037730873940329864;0.043596403078683496
40.00000000000001;0.25114673782874347;0.003786004080563625;0.04373645031760134;0.25114673782874347;0.003786004080563625;0.04373645031760134
40.1;0.2517002783311869;0.0037989302227334452;0.04387657209691844;0.2517002783311869;0.0037989302227334452;0.04387657209691844
40.2;0.2522535703463412;0.0038118657930705257;0.04401676816259613;0.2522535703463412;0.0038118657930705257;0.04401676816259613
40.300000000000004;0.25280661431452023;0.003824810764218194;0.04415703826174515;0.25280661431452023;0.003824810764218194;0.04415703826174515
40.400000000000006;0.25335941067431483;0.003837765108934293;0.044297382142618004;0.25335941067431483;0.003837765108934293;0.044297382142618004
40.50000000000001;0.2539119598626039;0.0038507288000904525;0.044437799554601344;0.2539119598626039;0.0038507288000904525;0.044437799554601344
40.6;0.25446426231456487;0.003863701810671372;0.04457829024820843;0.25446426231456487;0.003863701810671372;0.04457829024820843
40.7;0.2550163184636845;0.0038766841137741035;0.044718853975071686;0.2550163184636845;0.0038766841137741035;0.044718853975071686
40.800000000000004;0.2555681287417694;0.003889675682607347;0.04485949048793524;0.2555681287417694;0.003889675682607347;0.04485949048793524
40.900000000000006;0.25611969357895625;0.003902676490490746;0.045000199540647656;0.25611969357895625;0.003902676490490746;0.045000199540647656
41.00000000000001;0.2566710134037227;0.003915686510854194;0.045140980888154617;0.2566710134037227;0.003915686510854194;0.045140980888154617
41.1;0.25722208864289714;0.0039287057172371406;0.04528183428649175;0.25722208864289714;0.0039287057172371406;0.04528183428649175
41.2;0.25777291972166905;0.003941734083287914;0.04542275949277745;0.25777291972166905;0.003941734083287914;0.04542275949277745
41.300000000000004;0.25832350706359913;0.003954771582763038;0.04556375626520585;0.25832350706359913;0.003954771582763038;0.04556375626520585
41.400000000000006;0.2588738510906293;0.003967818189526562;0.045704824363039735;0.2588738510906293;0.003967818189526562;0.045704824363039735
41.50000000000001;0.2594239522230926;0.003980873877549393;0.045845963546603655;0.2594239522230926;0.003980873877549393;0.045845963546603655
41.6;0.2599738108797231;0.003993938620908637;0.045987173577277;0.2599738108797231;0.003993938620908637;0.045987173577277
41.7;0.2605234274776655;0.004007012393786943;0.04612845421748719;0.2605234274776655;0.004007012393786943;0.04612845421748719
41.800000000000004;0.26107280243248493;0.004020095170471852;0.04626980523070285;0.26107280243248493;0.004020095170471852;0.04626980523070285
41.900000000000006;0.2616219361581767;0.004033186925355154;0.046411226381427154;0.2616219361581767;0.004033186925355154;0.046411226381427154
42.00000000000001;0.2621708290671754;0.004046287632932247;0.04655271743519115;0.2621708290671754;0.004046287632932247;0.04655271743519115
42.1;0.26271948157036484;0.0040593972678015094;0.04669427815854713;0.26271948157036484;0.0040593972678015094;0.04669427815854713
42.2;0.2632678940770869;0.004072515804663664;0.04683590831906216;0.2632678940770869;0.004072515804663664;0.04683590831906216
42.300000000000004;0.2638160669951512;0.004085643218321162;0.046977607685311534;0.2638160669951512;0.004085643218321162;0.046977607685311534
42.400000000000006;0.26436400073084415;0.004098779483677561;0.04711937602687237;0.26436400073084415;0.004098779483677561;0.04711937602687237
42.50000000000001;0.2649116956889381;0.004111924575736914;0.04726121311431723;0.2649116956889381;0.004111924575736914;0.04726121311431723
42.6;0.2654591522727001;0.004125078469603162;0.04740311871920782;0.2654591522727001;0.004125078469603162;0.04740311871920782
42.7;0.26600637088390156;0.004138241140479531;0.04754509261408871;0.26600637088390156;0.004138241140479531;0.04754509261408871
42.800000000000004;0.2665533519228263;0.0041514125636679345;0.04768713457248112;0.2665533519228263;0.0041514125636679345;0.04768713457248112
42.900000000000006;0.26710009578828015;0.004164592714568381;0.047829244368876776;0.26710009578828015;0.004164592714568381;0.047829244368876776
43.00000000000001;0.2676466028775991;0.004177781568678388;0.047971421778731815;0.2676466028775991;0.004177781568678388;0.047971421778731815
43.1;0.2681928735866585;0.004190979101592397;0.048113666578460695;0.2681928735866585;0.004190979101592397;0.048113666578460695
43.2;0.26873890830988106;0.004204185289001195;0.04825597854543024;0.26873890830988106;0.004204185289001195;0.04825597854543024
43.300000000000004;0.269284707440246;0.004217400106691345;0.04839835745795364;0.269284707440246;0.004217400106691345;0.04839835745795364
43.400000000000006;0.26983027136929716;0.004230623530544609;0.04854080309528461;0.26983027136929716;0.004230623530544609;0.04854080309528461
43.50000000000001;0.27037560048715154;0.0042438555365373965;0.04868331523761146;0.27037560048715154;0.0042438555365373965;0.04868331523761146
43.6;0.27092069518250744;0.004257096100740192;0.0488258936660514;0.27092069518250744;0.004257096100740192;0.0488258936660514
43.7;0.2714655558426531;0.004270345199317011;0.04896853816264466;0.2714655558426531;0.004270345199317011;0.04896853816264466
43.800000000000004;0.2720101828534744;0.004283602808524839;0.0491112485103489;0.2720101828534744;0.004283602808524839;0.0491112485103489
43.900000000000006;0.2725545765994635;0.004296868904713094;0.049254024493033476;0.2725545765994635;0.004296868904713094;0.049254024493033476
44.00000000000001;0.27309873746372665;0.0043101434643230815;0.049396865895473874;0.27309873746372665;0.0043101434643230815;0.049396865895473874
44.1;0.27364266582799207;0.004323426463887455;0.04953977250334611;0.27364266582799207;0.004323426463887455;0.04953977250334611
44.2;0.27418636207261815;0.004336717880029689;0.04968274410322125;0.27418636207261815;0.004336717880029689;0.04968274410322125
44.300000000000004;0.2747298265766011;0.004350017689463542;0.04982578048255991;0.2747298265766011;0.004350017689463542;0.04982578048255991
44.400000000000006;0.27527305971758304;0.00436332586899254;0.04996888142970683;0.27527305971758304;0.00436332586899254;0.04996888142970683
44.50000000000001;0.2758160618718594;0.004376642395509449;0.05011204673388553;0.2758160618718594;0.004376642395509449;0.05011204673388553
44.6;0.276358833414387;0.004389967245995764;0.050255276185192904;0.276358833414387;0.004389967245995764;0.050255276185192904
44.7;0.2769013747187913;0.004403300397521196;0.05039856957459399;0.2769013747187913;0.004403300397521196;0.05039856957459399
44.800000000000004;0.27744368615737414;0.00441664182724316;0.050541926693916675;0.27744368615737414;0.00441664182724316;0.050541926693916675
44.900000000000006;0.27798576810112136;0.004429991512406275;0.05068534733584652;0.27798576810112136;0.004429991512406275;0.05068534733584652
45.00000000000001;0.27852762091971;0.004443349430341861;0.05082883129392157;0.27852762091971;0.004443349430341861;0.05082883129392157
45.1;0.27906924498151603;0.004456715558467447;0.05097237836252724;0.27906924498151603;0.004456715558467447;0.05097237836252724
45.2;0.27961064065362123;0.004470089874286272;0.05111598833689123;0.27961064065362123;0.004470089874286272;0.05111598833689123
45.300000000000004;0.2801518083018209;0.004483472355386801;0.05125966101307848;0.2801518083018209;0.004483472355386801;0.05125966101307848
45.400000000000006;0.2806927482906309;0.004496862979442242;0.05140339618798618;0.2806927482906309;0.004496862979442242;0.05140339618798618
45.50000000000001;0.2812334609832947;0.004510261724210059;0.05154719365933881;0.2812334609832947;0.004510261724210059;0.05154719365933881
45.6;0.2817739467417906;0.004523668567531499;0.0516910532256832;0.2817739467417906;0.004523668567531499;0.0516910532256832
45.7;0.2823142059268389;0.004537083487331118;0.05183497468638367;0.2823142059268389;0.004537083487331118;0.05183497468638367
45.800000000000004;0.2828542388979087;0.004550506461616311;0.05197895784161718;0.2828542388979087;0.004550506461616311;0.05197895784161718
45.900000000000006;0.283394046013225;0.004563937468476845;0.05212300249236853;0.283394046013225;0.004563937468476845;0.05212300249236853
46.00000000000001;0.2839336276297753;0.004577376486084394;0.05226710844042559;0.2839336276297753;0.004577376486084394;0.05226710844042559
46.1;0.284472984103317;0.0045908234926920885;0.05241127548837458;0.284472984103317;0.0045908234926920885;0.05241127548837458
46.2;0.2850121157883835;0.004604278466634049;0.05255550343959535;0.2850121157883835;0.004604278466634049;0.05255550343959535
46.300000000000004;0.2855510230382915;0.00461774138632494;0.05269979209825679;0.2855510230382915;0.00461774138632494;0.05269979209825679
46.400000000000006;0.28608970620514734;0.00463121223025952;0.05284414126931215;0.28608970620514734;0.00463121223025952;0.05284414126931215
46.50000000000001;0.2866281656398538;0.004644690977012198;0.05298855075849452;0.2866281656398538;0.004644690977012198;0.05298855075849452
46.6;0.2871664016921167;0.004658177605236587;0.05313302037231222;0.2871664016921167;0.004658177605236587;0.05313302037231222
46.7;0.2877044147104512;0.004671672093665071;0.05327754991804434;0.2877044147104512;0.004671672093665071;0.05327754991804434
46.800000000000004;0.2882422050421886;0.004685174421108366;0.053422139203736264;0.2882422050421886;0.004685174421108366;0.053422139203736264
46.900000000000006;0.2887797730334825;0.00469868456645509;0.05356678803819521;0.2887797730334825;0.00469868456645509;0.05356678803819521
47.00000000000001;0.2893171190293154;0.004712202508671333;0.05371149623098584;0.2893171190293154;0.004712202508671333;0.05371149623098584
47.1;0.28985424337350485;0.004725728226800231;0.05385626359242591;0.28985424337350485;0.004725728226800231;0.05385626359242591
47.2;0.2903911464087099;0.004739261699961547;0.054001089933581894;0.2903911464087099;0.004739261699961547;0.054001089933581894
47.300000000000004;0.2909278284764372;0.0047528029073512475;0.05414597506626473;0.2909278284764372;0.0047528029073512475;0.05414597506626473
47.400000000000006;0.2914642899170474;0.0047663518282410906;0.054290918803025515;0.2914642899170474;0.0047663518282410906;0.054290918803025515
47.50000000000001;0.2920005310697611;0.00477990844197821;0.05443592095715128;0.2920005310697611;0.00477990844197821;0.05443592095715128
47.6;0.29253655227266495;0.004793472727984709;0.05458098134266081;0.29253655227266495;0.004793472727984709;0.05458098134266081
47.7;0.29307235386271785;0.004807044665757247;0.054726099774300443;0.29307235386271785;0.004807044665757247;0.054726099774300443
47.800000000000004;0.293607936175757;0.0048206242348666425;0.05487127606753995;0.293607936175757;0.0048206242348666425;0.05487127606753995
47.900000000000006;0.29414329954650353;0.00483421141495747;0.05501651003856842;0.29414329954650353;0.00483421141495747;0.05501651003856842
48.00000000000001;0.2946784443085689;0.00484780618574766;0.05516180150429019;0.2946784443085689;0.00484780618574766;0.05516180150429019
48.1;0.2952133707944604;0.004861408527028108;0.05530715028232082;0.2952133707944604;0.004861408527028108;0.05530715028232082
48.2;0.2957480793355872;0.00487501841866228;0.05545255619098304;0.2957480793355872;0.00487501841866228;0.05545255619098304
48.300000000000004;0.29628257026226607;0.004888635840585824;0.055598019049302796;0.29628257026226607;0.004888635840585824;0.055598019049302796
48.400000000000006;0.2968168439037271;0.004902260772806182;0.055743538677005294;0.2968168439037271;0.004902260772806182;0.055743538677005294
48.50000000000001;0.2973509005881196;0.004915893195402213;0.05588911489451107;0.2973509005881196;0.004915893195402213;0.05588911489451107
48.6;0.2978847406425174;0.004929533088523802;0.05603474752293212;0.2978847406425174;0.004929533088523802;0.05603474752293212
48.7;0.2984183643929249;0.004943180432391491;0.05618043638406798;0.2984183643929249;0.004943180432391491;0.05618043638406798
48.800000000000004;0.2989517721642824;0.004956835207296099;0.05632618130040197;0.2989517721642824;0.004956835207296099;0.05632618130040197
48.900000000000006;0.2994849642804717;0.004970497393598354;0.05647198209509733;0.2994849642804717;0.004970497393598354;0.05647198209509733
49.00000000000001;0.30001794106432167;0.004984166971728518;0.05661783859199347;0.30001794106432167;0.004984166971728518;0.05661783859199347
49.1;0.3005507028376136;0.004997843922186023;0.05676375061560221;0.3005507028376136;0.004997843922186023;0.05676375061560221
49.2;0.3010832499210867;0.005011528225539106;0.05690971799110406;0.3010832499210867;0.005011528225539106;0.05690971799110406
49.300000000000004;0.3016155826344436;0.005025219862424448;0.05705574054434453;0.3016155826344436;0.005025219862424448;0.05705574054434453
49.400000000000006;0.3021477012963555;0.005038918813546812;0.05720181810183047;0.3021477012963555;0.005038918813546812;0.05720181810183047
49.50000000000001;0.30267960622446755;0.005052625059678692;0.057347950490726426;0.30267960622446755;0.005052625059678692;0.057347950490726426
49.6;0.30321129773540423;0.005066338581659953;0.05749413753885102;0.30321129773540423;0.005066338581659953;0.05749413753885102
49.7;0.30374277614477446;0.005080059360397481;0.05764037907467339;0.30374277614477446;0.005080059360397481;0.05764037907467339
49.800000000000004;0.3042740417671769;0.005093787376864836;0.057786674927309586;0.3042740417671769;0.005093787376864836;0.057786674927309586
49.900000000000006;0.30480509491620494;0.005107522612101906;0.05793302492651909;0.30480509491620494;0.005107522612101906;0.05793302492651909
50.00000000000001;0.3053359359044521;0.0051212650472145585;0.05807942890270129;0.3053359359044521;0.0051212650472145585;0.05807942890270129
