time;y1;y2;y3;x1;x2;x3;s1;s2;s3;u1;u2
0;0.0003489999999999882;0.000041760000000001796;-0.00006959999999994748;0;0;0;0;0;0;0;0
0;0.0003489999999999882;-0.000124000000000013;-0.00006959999999994748;0;0;0;0;0;0;0;0
1;0.000016200000000021753;-0.000124000000000013;-0.00023439999999996797;0;0;0;0;0;0;0;0
2;0.000016200000000021753;-0.000124000000000013;0.00009520000000001749;-0.00034003947358170525;-0.00003402489972563797;-0.00035739313561655614;0.000002325391466892778;1.524212095506638e-7;1.167219843966629e-7;0;0
3;0.0003489999999999882;-0.000124000000000013;-0.00006959999999994748;-0.0006580409036061611;-0.00006635312122772266;-0.0007111031932114276;0.000004460444360808155;2.0427043194644268e-7;1.335489786753619e-7;0;0
4;0.0003489999999999882;-0.000124000000000013;-0.00006959999999994748;-0.0009104190003298298;-0.00009696881738611398;-0.0010603214916765108;0.000006428265042238764;2.5559886053938474e-7;1.5036184943423204e-7;0;0
5;0.0003489999999999882;-0.000124000000000013;-0.00006959999999994748;-0.0011064110391958964;-0.00012578155173266007;-0.0014051423771808047;0.000008154970647940931;3.0639624602470184e-7;1.6693935828195703e-7;0;0
6;0.0003489999999999882;-0.000124000000000013;-0.00023439999999996797;-0.0012760356450161351;-0.00015296777724168887;-0.0017442483764688376;0.000009720946014076457;3.5665361429748447e-7;1.83124386675048e-7;0;0
7;0.000016200000000021753;-0.000124000000000013;-0.00006959999999994748;-0.0013840380053117;-0.00017814891825839805;-0.002077810330163108;0.000011002558697227607;4.063677675604896e-7;1.989874548163916e-7;0;0
8;0.0003489999999999882;-0.00028975999999997226;-0.00023439999999996797;-0.0014849091050489396;-0.00020193896812560684;-0.0024048555066696377;0.00001183766491127716;4.55509183373197e-7;2.1445872875066944e-7;0;0
9;0.000016200000000021753;-0.000124000000000013;-0.00023439999999996797;-0.0015118102518496342;-0.00022428918873991887;-0.0027259383022977253;0.000012637678882944038;5.040831974532679e-7;2.2956267657538288e-7;0;0
10;0.0003489999999999882;-0.000124000000000013;-0.00023439999999996797;-0.0015659448176309544;-0.0002447422164531955;-0.0030395944019369534;0.00001313008002047396;5.520166781005081e-7;2.4433796014155587e-7;0;0
11;0.000016200000000021753;-0.000124000000000013;-0.00023439999999996797;-0.0015495805852225521;-0.0002643322516440337;-0.0033474903801521644;0.000013646770009283362;5.993768751728594e-7;2.5885409606719777e-7;0;0
12;0.000016200000000021753;-0.000124000000000013;-0.00023439999999996797;-0.001592757632940749;-0.00028324118628085147;-0.0036470345187495632;0.000014190785915307118;6.460830391686834e-7;2.730405705214033e-7;0;0
13;0.000016200000000021753;-0.000124000000000013;-0.00023439999999996797;-0.001604334953943611;-0.00029920453466004407;-0.003939821127639732;0.000014447677871794032;6.921733200454922e-7;2.872371944530157e-7;0;0
14;0.000016200000000021753;-0.000124000000000013;-0.00006959999999994748;-0.0016299691100636995;-0.00031474518839928387;-0.004226258745941897;0.000014898329903789349;7.377139258985751e-7;3.0130042813381897e-7;0;0
15;0.000016200000000021753;-0.000124000000000013;-0.00006959999999994748;-0.0016169017348422916;-0.00032964481226293164;-0.0045055143093330734;0.00001503668657766421;7.826820948582483e-7;3.1520287362394216e-7;0;0
16;0.000016200000000021753;-0.000124000000000013;-0.00006959999999994748;-0.0016019715508049403;-0.0003429068347850212;-0.004778081692305196;0.000015164127305678583;8.270419172374253e-7;3.290823926272165e-7;0;0
17;0.0003489999999999882;-0.000124000000000013;-0.00023439999999996797;-0.0016009179177881951;-0.00035495143396961366;-0.005044578156231168;0.000015519074103857834;8.708149063870045e-7;3.4289995607810277e-7;0;0
18;0.0003489999999999882;-0.000124000000000013;-0.00006959999999994748;-0.0015028488072287793;-0.00036508857660051507;-0.005303771487667182;0.000015593719619245423;9.140067490481173e-7;3.5656302287253363e-7;0;0
19;0.000016200000000021753;-0.000124000000000013;-0.00023439999999996797;-0.00142952559342747;-0.0003742635439469946;-0.005555928685808882;0.00001580227147636558;9.565595127270973e-7;3.702881248873956e-7;0;0
20;0.0003489999999999882;-0.000124000000000013;-0.00006959999999994748;-0.001446579408036389;-0.0003845605969049278;-0.005801871353739323;0.000016056491761817096;9.984878454372023e-7;3.839897019470871e-7;0;0
21;0.0003489999999999882;-0.000124000000000013;-0.00023439999999996797;-0.001378433633166476;-0.0003923130117689766;-0.006041503248290633;0.00001625164153460207;0.0000010398860545510479;3.975113044250521e-7;0;0
22;0.0003489999999999882;-0.000124000000000013;-0.00006959999999994748;-0.0013141946651331043;-0.00040105707917913977;-0.0062748066924425356;0.00001634483114700038;0.000001080678529676349;4.1113382753958107e-7;0;0
23;0.0005153999999999992;-0.000124000000000013;-0.00023439999999996797;-0.0012640768544993697;-0.000405687864283877;-0.006501386949876976;0.00001652394871084956;0.000001120806460268046;4.2467639343406765e-7;0;0
24;0.0005153999999999992;-0.000124000000000013;-0.00023439999999996797;-0.0012137683364234612;-0.00041056945198781627;-0.00672153014187795;0.000016669656048945928;0.0000011605169542974585;4.38279546757596e-7;0;0
25;0.0003489999999999882;-0.000124000000000013;-0.00023439999999996797;-0.001135831079383717;-0.0004143365200778899;-0.006935694126533475;0.000016711260740283053;0.0000011996643615322045;4.5197116274073976e-7;0;0
26;0.000016200000000021753;-0.000124000000000013;-0.00023439999999996797;-0.0010988306890669186;-0.0004181940559425307;-0.007144263462284662;0.000016854334451691004;0.0000012382723019815482;4.656736209311374e-7;0;0
27;0.000016200000000021753;-0.000124000000000013;-0.00023439999999996797;-0.0011288622904856648;-0.0004225972807202633;-0.0073476680861956365;0.000017058222614755624;0.0000012762899449716378;4.792791593733633e-7;0;0
28;0.000016200000000021753;-0.000124000000000013;-0.00023439999999996797;-0.0011523884811285414;-0.00042557235401298205;-0.00754631032569594;0.000017166972481164022;0.0000013138264397489795;4.927630924746078e-7;0;0
29;0.000016200000000021753;-0.00028975999999997226;-0.00023439999999996797;-0.001186603267033904;-0.0004266503454394678;-0.007740433068961335;0.000017302361915321766;0.0000013508978903849492;5.062382177178953e-7;0;0
30;-0.00015019999999998923;-0.000124000000000013;-0.0005639999999999534;-0.001187220114773564;-0.0004269203649879568;-0.007929748741914358;0.00001747825903614236;0.0000013875817216792373;5.196389013728062e-7;0;0
31;0.000016200000000021753;-0.000124000000000013;-0.00023439999999996797;-0.0012438944035656095;-0.00042828211434461726;-0.00811526224593769;0.00001780455617235828;0.0000014237909573169317;5.332080469944038e-7;0;0
32;0.000016200000000021753;-0.000124000000000013;-0.00006959999999994748;-0.0012480013689113183;-0.0004286988055354603;-0.00829706793173232;0.000018047518187614703;0.00000145954817255837;5.465349644955656e-7;0.00010128;0
33;0.0016802000000000206;-0.000124000000000013;-0.00023439999999996797;0.0005452293539973783;-0.00037225996835302803;-0.007921625411604653;0.000020753453590182866;0.000001512852653188681;5.564230767437039e-7;0.00010128;0
34;0.010998600000000025;-0.000124000000000013;0.00009520000000001749;0.002491615677903733;-0.00031606312532135713;-0.0075282107129098635;0.000022744344491712118;0.0000015456130904624168;5.645403776340015e-7;0.00010128;0
35;0.010998600000000025;-0.000124000000000013;0.0009192000000000089;0.0067401981043709236;-0.0002447322468281008;-0.007114324498819258;0.000024158376467584552;0.000001566311286072778;5.696319832851175e-7;0.00010128;0
36;0.01782100000000003;0.000041760000000001796;0.0019080000000000208;0.010246437410383762;-0.0001828545320370972;-0.00664939906706294;0.000024805041954384144;0.000001583539366790203;5.727068947900908e-7;0.00010128;0
37;0.025309000000000026;0.00020752000000001658;0.003061600000000053;0.015082994426904828;-0.00011677843252564494;-0.0061424964357264635;0.000025056118330129568;0.000001599282855036072;5.74031713018664e-7;0.00010128;0
38;0.03146579999999999;0.00037327999999997585;0.003061600000000053;0.021134563079544037;-0.000043331839982545565;-0.00557835211869405;0.00002483519819242722;0.0000016125502419903486;5.746381710953978e-7;0.00010128;0
39;0.037456199999999995;0.0007048000000000054;0.0038856000000000446;0.027685089717808913;0.000028896649206792545;-0.004941900301826156;0.00002409567371423142;0.0000016262790093466253;5.74711451067294e-7;0.00010128;0
40;0.04361300000000001;0.0008705600000000202;0.005368800000000007;0.03446652163216779;0.00010132902884205847;-0.004230485196394828;0.000023096369871398843;0.0000016393036334406923;5.751625632017039e-7;0.00010128;0
41;0.049936199999999986;0.0008705600000000202;0.006028000000000033;0.04136846425145804;0.00017302354523429897;-0.0034440265933887025;0.000022430471766698064;0.000001653048351747807;5.764221484787419e-7;0.00010128;0
42;0.05592659999999999;0.0008705600000000202;0.006852000000000025;0.04838260383029469;0.0002434729784098605;-0.002583211364397908;0.0000214801918462671;0.0000016685056333936715;5.789210589488596e-7;0.00010128;0
43;0.06224980000000002;0.0010363199999999795;0.008005600000000057;0.05531541642116796;0.0003143896400589796;-0.0016503909990122374;0.000020260074140031624;0.0000016851151107972002;5.828668725154768e-7;0.00010128;0
44;0.0679074;0.0012020799999999943;0.008994400000000013;0.0622032561380701;0.0003856477285918138;-0.0006490733981182714;0.000019138958423839707;0.000001705036513399068;5.878953160263712e-7;0.00010128;0
45;0.07356500000000002;0.0012020799999999943;0.009983200000000025;0.06883291438590108;0.00045588161069072357;0.0004162208243680333;0.00001796025325249286;0.000001727602903918144;5.947014639577992e-7;0.00010128;0
46;0.07356500000000002;0.001367840000000009;0.011301600000000023;0.07520611333730477;0.0005279576854712433;0.0015389624027538698;0.000017013850280556807;0.0000017546660959297146;6.024095623205449e-7;0.00010128;0
47;0.07905620000000002;0.001367840000000009;0.01278480000000004;0.08025685605661038;0.0005983574386207601;0.002713195502662235;0.000016190728738909853;0.0000017838640739790773;6.108423602836558e-7;0.00010128;0
48;0.08454740000000002;0.001699359999999983;0.014103200000000038;0.08530192092837496;0.000670315150413169;0.0039226758607594486;0.000015420645332489376;0.0000018152897196732725;6.18019482366579e-7;0.00010128;0
49;0.09037140000000002;0.0020308800000000127;0.014103200000000038;0.09033879666073101;0.0007397892940692961;0.005158719621120988;0.000014831447735518285;0.0000018487224105344498;6.239178677156536e-7;0.00010128;0
50;0.0955298;0.0020308800000000127;0.01509200000000005;0.0954116113746082;0.0008124782073855699;0.006427941345161129;0.000014414186524699677;0.0000018848044288153022;6.289533295905838e-7;0.00010128;0
51;0.1006882;0.0020308800000000127;0.016245600000000027;0.10032408213360185;0.0008840703225249497;0.007721638959742884;0.000013929944100190393;0.0000019228783173046725;6.328453982834328e-7;0.00010128;0
52;0.1056802;0.0021966400000000275;0.01805840000000003;0.10519861172638532;0.0009672340897923053;0.009044471772324926;0.000013622047195646411;0.0000019632706884969583;6.357837325415872e-7;0.00010128;0
53;0.1115042;0.0021966400000000275;0.01888240000000002;0.1099568150483696;0.0010512238837797866;0.010387457919428383;0.000013369891584996736;0.0000020044549687900617;6.374558522513045e-7;0.00010128;0
54;0.1169954;0.0021966400000000275;0.020530400000000004;0.1147591175692859;0.0011336964618895082;0.011754644219708338;0.000013093802574543658;0.0000020468122619705574;6.381300850716181e-7;0.00010128;0
55;0.12198740000000002;0.0023623999999999867;0.021848800000000057;0.11957378739406328;0.0012179437356616347;0.013140890705431913;0.00001285094141119835;0.0000020904851202599425;6.376484035073532e-7;0.00010128;0
56;0.126813;0.0023623999999999867;0.023002400000000034;0.12431962541400189;0.0013078614104739402;0.014546451493154831;0.000012637381152845998;0.000002135329690630922;6.363249345624852e-7;0.00010128;0
57;0.126813;0.0021966400000000275;0.024650400000000017;0.12900493068550592;0.0014008026010252517;0.015968602395394837;0.000012420720057485855;0.0000021806536484255978;6.341115231158715e-7;0.00010128;0
58;0.13197140000000002;0.0023623999999999867;0.02580400000000005;0.13294333629085323;0.001493960046990315;0.017402910154024082;0.00001225856057143132;0.000002226324365680296;6.310786582679409e-7;0.00010128;0
59;0.13712980000000002;0.0023623999999999867;0.027452000000000032;0.13699991993895735;0.001594581691300181;0.018845477443924626;0.000012063709024535545;0.000002271957197880054;6.265194516304951e-7;0.00010128;0
60;0.1419554;0.0026939200000000163;0.027452000000000032;0.14118711133837072;0.0016993204968350148;0.02029566560830233;0.000011846753159851385;0.0000023175257298838135;6.206795220750577e-7;0.00010128;0
61;0.14678100000000002;0.0026939200000000163;0.02893520000000005;0.1454403716958625;0.0018070603436099427;0.021751663958201817;0.00001162996736100358;0.0000023630507205244064;6.138667316603715e-7;0.00010128;0
62;0.1516066;0.0028596799999999756;0.030583200000000033;0.14975003148516666;0.0019217248893900634;0.023217542393998845;0.000011409526370004599;0.000002408420609994092;6.065478865224344e-7;0.00010128;0
63;0.15643220000000002;0.003191200000000005;0.03173680000000001;0.15413151693493168;0.0020398221141243924;0.024692007671652597;0.00001124647315878688;0.0000024539005212263518;5.98720631602788e-7;0.00010128;0
64;0.16109140000000002;0.003191200000000005;0.03354960000000001;0.15855642449751528;0.0021615576983507346;0.026174139479992094;0.000011073361438119896;0.0000024993990793919343;5.905980819521574e-7;0.00010128;0
65;0.165917;0.00335696000000002;0.03486800000000001;0.16300408119599985;0.002291095465620246;0.027664211416755437;0.000010898107697963862;0.000002544780116162903;5.824009178935811e-7;0.00010128;0
66;0.17024340000000002;0.003688479999999994;0.036845600000000034;0.16747757004382832;0.002425910131226929;0.029160623897236962;0.000010716053755711934;0.0000025906323857920142;5.741860080002913e-7;0.00010128;0
67;0.1747362;0.003688479999999994;0.03799920000000001;0.17192313417515412;0.002568013451714002;0.030664606084783358;0.00001051517155104198;0.0000026368293456674945;5.662586851472461e-7;0.00010128;0
68;0.1747362;0.003688479999999994;0.03964720000000005;0.17637033306117691;0.002715623615606984;0.03217588896253667;0.000010390373005718944;0.000002683765087005848;5.585197359858308e-7;0.00010128;0
69;0.1797282;0.004185759999999983;0.04129520000000003;0.1802371139624613;0.002875204795567128;0.0336891930468414;0.000010247048432645015;0.000002731227204562153;5.509292588872678e-7;0.00010128;0
70;0.1840546;0.004351519999999998;0.04277840000000005;0.18423718160252217;0.0030427184171380184;0.03520450980642978;0.000010123447837679273;0.000002779405804143625;5.431951674037138e-7;0.00010128;0
71;0.18854740000000003;0.0048487999999999865;0.04277840000000005;0.1882415490470601;0.00321855622991198;0.036724000138782825;0.000009969971108835267;0.000002828487323111178;5.354208132421003e-7;0.00010128;0
72;0.1932066;0.005180320000000016;0.04426160000000001;0.19225825489262197;0.003400181887156911;0.0382425080082168;0.000009810180834937356;0.0000028786562957517727;5.276164777981364e-7;0.00010128;0
73;0.19803220000000002;0.005346079999999975;0.04574480000000003;0.19632764579477494;0.003588221234831101;0.03976046871820732;0.000009718175137432615;0.0000029298123192119634;5.20000376276709e-7;0.00010128;0
74;0.20219220000000002;0.00584336000000002;0.04689840000000001;0.20045248776311472;0.0037839678155816374;0.04128010310248488;0.000009653584125985151;0.0000029819101162286015;5.127548147035501e-7;0.00010128;0
75;0.2065186;0.006009119999999979;0.049205600000000016;0.2045260238888456;0.00398497716105344;0.042802847743785635;0.00000958426120730972;0.0000030348811468149913;5.059043089055073e-7;0.00010128;0
76;0.21101140000000002;0.0063406400000000085;0.05052400000000001;0.20856232817427792;0.00419707502597587;0.04432371096738912;0.000009528112860869289;0.000003088733928543948;4.993296194566487e-7;0.00010128;0
77;0.215005;0.006837919999999997;0.05250160000000004;0.21259933829339564;0.004417384056222476;0.04584589257821042;0.000009453456613032513;0.0000031431329978306655;4.933190948868562e-7;0.00010128;0
78;0.21966420000000003;0.006837919999999997;0.053655200000000014;0.2165788202886826;0.004646879614664525;0.04736741682467779;0.000009423215489197229;0.0000031979118755490924;4.87677642340528e-7;0.00010128;0
79;0.21966420000000003;0.007003680000000012;0.05546800000000002;0.22058539742457814;0.004888161303338494;0.04888942292294053;0.00000945989951926776;0.0000032529615410606503;4.825278112967393e-7;0.00010128;0
80;0.2239906;0.007335199999999986;0.056786400000000015;0.22409918878750631;0.005126743167949238;0.05041017838400446;0.000009548832790043346;0.000003306699416561647;4.777584782050287e-7;0.00010128;0
81;0.22798420000000003;0.007832479999999975;0.05859920000000002;0.22763716096740239;0.00538399532870283;0.05192550383705322;0.000009592060007109456;0.00000336080240456432;4.731030512846514e-7;0.00010128;0
82;0.23214420000000002;0.00832976000000002;0.05859920000000002;0.23116284566131517;0.0056472048374664905;0.05343720211346032;0.000009600529311593995;0.0000034129669755460736;4.686156411316721e-7;0.00010128;0
83;0.23647060000000003;0.00832976000000002;0.060082400000000036;0.23472105204675645;0.005922031983538132;0.0549456119576689;0.00000958280543219983;0.000003463835370705384;4.642876549171339e-7;0.00010128;0
84;0.240797;0.008992800000000023;0.062060000000000004;0.23832663128110568;0.006209164848085689;0.05645043964493257;0.00000958713969878392;0.0000035128710355326164;4.601255314305091e-7;0.00010128;0
85;0.24479060000000002;0.009158559999999982;0.06304880000000002;0.24197687956394748;0.006507074289926061;0.0579509606750888;0.000009627248941667967;0.000003558998669977686;4.561600309350663e-7;0.00010128;0
86;0.24928340000000002;0.009821599999999986;0.06469680000000005;0.2456304668621261;0.006815849836866543;0.05944906944992935;0.000009641730469035264;0.000003602275177607283;4.525989362616167e-7;0.00010128;0
87;0.2534434;0.00998736;0.06618000000000002;0.24934363772765875;0.0071359303588081355;0.06094518762191938;0.000009680091965891791;0.000003641774030323896;4.493420061140322e-7;0.00010128;0
88;0.2572706;0.010650400000000004;0.06815760000000004;0.25307924751748;0.007467697591547932;0.062439270516526264;0.000009740571191425184;0.000003678322991108184;4.462530658421948e-7;0.00010128;0
89;0.2612642;0.010650400000000004;0.06997040000000002;0.25680831167987783;0.0078097824565880715;0.06393182541238404;0.00000973424600400659;0.000003713473005398251;4.4346507245600977e-7;0.00010128;0
90;0.2612642;0.010981919999999978;0.07145360000000003;0.2605418799629751;0.00816371478737129;0.06542272333968505;0.000009796671958362971;0.000003744449312394792;4.4099967667435716e-7;0.00010128;0
91;0.265757;0.011147679999999993;0.07293680000000002;0.26381707989126774;0.008514813875412346;0.06691034141563793;0.000009774222829221761;0.000003774805456705354;4.3872951015225283e-7;0.00010128;0
92;0.2697506;0.011976480000000012;0.07458480000000003;0.267226684727262;0.008875983517655174;0.06839520025324548;0.00000979515079047539;0.000003800329191220865;4.3656243523838496e-7;0.00010128;0
93;0.27357780000000004;0.012142240000000026;0.07458480000000003;0.2706846612510606;0.009250901346751645;0.06987559926529195;0.000009768621405324295;0.0000038261544060937165;4.3433310693067315e-7;0.00010128;0
94;0.2780706;0.012307999999999986;0.07590320000000003;0.2741791588723792;0.00963538341170191;0.07135287897025082;0.000009849371300944628;0.0000038474241084995694;4.32234251242872e-7;0.00010128;0
95;0.28189780000000003;0.013136800000000004;0.07755120000000001;0.27777483300070127;0.010032836941915724;0.07282743876115148;0.000009776836021623065;0.000003865305558925823;4.3022889539538796e-7;0.00010128;0
96;0.2855586;0.013302560000000019;0.07903440000000003;0.2813836072302171;0.010439497189026438;0.07430066373870231;0.000009665551523494266;0.000003883388470930142;4.282205159784016e-7;0.00010128;0
97;0.2893858;0.013965600000000022;0.08101200000000003;0.28499030547896115;0.01085449852675927;0.07577228443837275;0.00000956475957713236;0.000003899600629411278;4.264410075953058e-7;0.00010128;0
98;0.293213;0.014297119999999996;0.08249520000000002;0.2886058222750277;0.011279169669848998;0.07724227659644037;0.000009455271896067967;0.000003911854920277309;4.247383982954822e-7;0.00010128;0
99;0.29720660000000004;0.014794399999999985;0.08414320000000003;0.2922343339633733;0.011712022500799729;0.0787112018963224;0.000009385396909420685;0.00000392354017630056;4.23018573250934e-7;0.00010128;0
100;0.30120020000000003;0.014794399999999985;0.08529680000000003;0.2958831724239301;0.012154525980216069;0.0801786832652844;0.00000927802626694364;0.000003932198741979962;4.2136422217568334e-7;0.00010128;0
101;0.30120020000000003;0.015623200000000004;0.08727440000000003;0.2995614567950352;0.012605066735269652;0.08164496528271643;0.000009194811628429053;0.000003940382655627961;4.1967296575394695e-7;0.00010128;0
102;0.3050274;0.01578896000000002;0.08892240000000004;0.30281935808070914;0.013045787633856734;0.08311113722200751;0.00000904795319815123;0.000003947342423122926;4.179766230981213e-7;0.00010128;0
103;0.30885460000000003;0.016286240000000007;0.08974640000000003;0.30613940062602124;0.01349247655587547;0.08457320945711776;0.000009001431266969611;0.000003949380262624822;4.161633946782096e-7;0.00010128;0
104;0.3125986;0.016783519999999996;0.08974640000000003;0.3095014342159018;0.013947851031884903;0.08603258581005148;0.000008896586993365342;0.000003951374067669674;4.1433374853021496e-7;0.00010128;0
105;0.3165922;0.017115040000000026;0.09188880000000002;0.3128774484228046;0.014409009132345317;0.08748955817930557;0.000008727395346998402;0.000003950626578732602;4.1241210505883653e-7;0.00010128;0
106;0.3200866;0.017612320000000015;0.09370160000000002;0.3163133678737557;0.014877659129516453;0.08894439308002397;0.000008681900439842694;0.000003948543836222013;4.10405450394314e-7;0.00010128;0
107;0.32408020000000004;0.018275360000000018;0.09518480000000001;0.319738181198468;0.015350457049235261;0.09039753317289292;0.000008566058394913654;0.000003943372789026355;4.083109647251636e-7;0.00010128;0
108;0.327741;0.018772640000000007;0.09683280000000002;0.3232112987774992;0.015830894271969063;0.09184921070989938;0.000008430998847904955;0.000003935195246942712;4.061389750928296e-7;0.00010128;0
109;0.3314018;0.01910415999999998;0.09815120000000002;0.3266835290000593;0.016313027222054553;0.09329972416526154;0.000008320365947262527;0.000003929164442719494;4.0393191330575327e-7;0.00010128;0
110;0.33489620000000003;0.019601440000000026;0.09996400000000003;0.3301658446618297;0.01679973794438737;0.0947488165100867;0.000008203517274327946;0.0000039194199644843674;4.0170776044039333e-7;0.00010128;0
111;0.3388898;0.019601440000000026;0.10161200000000004;0.333628030860683;0.01728900265104499;0.09619703844237791;0.00000814814990679438;0.000003907814330309123;3.99420360071537e-7;0.00010128;0
112;0.3388898;0.02043023999999999;0.10309520000000003;0.33712527671110504;0.017781999295073087;0.09764463191950656;0.000008128223371072316;0.000003895739762209718;3.9710715507027233e-7;0.00010128;0
113;0.34255060000000004;0.020596000000000003;0.10457840000000002;0.3402739739655835;0.018257620926116356;0.09909095479506796;0.000008067804931198657;0.000003881559318050516;3.9482439726379163e-7;0.00010128;0
114;0.3463778;0.02142480000000002;0.10622640000000003;0.34345560500214617;0.018738406018070166;0.10053374881377732;0.000007997689056036531;0.000003869750645061244;3.924082544514439e-7;0.00010128;0
115;0.3497058;0.02192208000000001;0.10622640000000003;0.34668889988821344;0.019222185773872098;0.10197407357043689;0.000007992519454290303;0.000003856026196287432;3.8997368372681527e-7;0.00010128;0
116;0.35336660000000003;0.02241936;0.10770960000000002;0.34992488828113083;0.01970651332224509;0.10341209798989985;0.000007998553208879287;0.0000038409033563495695;3.874768278784991e-7;0.00010128;0
117;0.3570274;0.022916639999999988;0.10952240000000002;0.3531846245599273;0.02019208510444133;0.10484809928859436;0.000007966111176690405;0.000003826911623013151;3.850100048174904e-7;0.00010128;0
118;0.3605218;0.023579679999999992;0.11067600000000002;0.35647295127076867;0.02067873686768154;0.10628229787989509;0.000007917425693032266;0.000003811580482306923;3.825065869502939e-7;0.00010128;0
119;0.3641826;0.02391120000000002;0.11215920000000001;0.35976534239282426;0.02116612732073623;0.10771477605381491;0.000007891413782624261;0.0000037951309208865735;3.800261534974322e-7;0.00010128;0
120;0.36784340000000004;0.02440848000000001;0.11364240000000003;0.36308260334843073;0.021653689962737314;0.10914581926590851;0.000007839757825662463;0.0000037809873994499698;3.7755468073582284e-7;0.00010128;0
121;0.37117140000000004;0.025071520000000014;0.11545520000000004;0.3664140964040609;0.022139234093696877;0.11057600261005202;0.00000783402307497878;0.0000037688255741181434;3.751372258988434e-7;0.00010128;0
122;0.3748322;0.025071520000000014;0.11693840000000003;0.3697408550366046;0.022621221648300813;0.11200484302663577;0.00000782150300124212;0.0000037566158509012925;3.728458163447126e-7;0.00010128;0
123;0.3748322;0.025568800000000003;0.11858640000000004;0.3730870130291338;0.023106205490017778;0.11343285192018077;0.000007845981641206212;0.0000037413891575385;3.7064708783421344e-7;0.00010128;0
124;0.3781602;0.025900319999999977;0.12006960000000003;0.37610283391282423;0.023575462930392168;0.11486001889036389;0.000007867284145688062;0.0000037291040408701843;3.6856153038314006e-7;0.00010128;0
125;0.3816546;0.02656335999999998;0.12171760000000004;0.3791321596067517;0.02404077466656529;0.11628372174048057;0.000007858867702584738;0.000003714812425974565;3.664568041172313e-7;0.00010128;0
126;0.38531540000000003;0.026729119999999995;0.12336560000000002;0.382194956235544;0.024506663146810957;0.11770472993286886;0.000007875137851514266;0.000003704078964391512;3.644266412283632e-7;0.00010128;0
127;0.3886434;0.027060640000000025;0.12336560000000002;0.3853015034359015;0.024972663101681176;0.11912367426554075;0.000007889829743239749;0.00000369470595188392;3.6251614098554287e-7;0.00010128;0
128;0.3919714;0.027889439999999988;0.12484880000000004;0.38841434145599424;0.025436898448104525;0.12054074586393376;0.000007902776796410082;0.0000036855848278739187;3.6063473751320207e-7;0.00010128;0
129;0.3956322;0.028055200000000002;0.12649680000000002;0.39153398124048644;0.025899271432067994;0.12195594070368493;0.00000787631364534826;0.0000036772927986177863;3.588930909069129e-7;0.00010128;0
130;0.3994594;0.02855247999999999;0.12765040000000002;0.39469254332499515;0.026360584578463336;0.12336949841800132;0.000007871305173413374;0.0000036701397875234823;3.572344298204674e-7;0.00010128;0
131;0.402621;0.02938128000000001;0.12946320000000003;0.39788148123959444;0.026821878171178842;0.12478260364275613;0.000007962206964814674;0.000003662316551368084;3.5568882556137363e-7;0.00010128;0
132;0.4061154;0.029712799999999984;0.13127600000000003;0.4010711164764751;0.027278864086833533;0.12619403556072137;0.000007966071320405707;0.0000036555009540748687;3.543730492602469e-7;0.00010128;0
133;0.4094434;0.029712799999999984;0.13259440000000003;0.4042720104084904;0.027734452320584378;0.12760449310887934;0.000007968029187635052;0.0000036478792281650506;3.531844949900443e-7;0.00010128;0
134;0.412605;0.030044320000000013;0.13391280000000003;0.40748146251811584;0.028189235734749393;0.129014070427633;0.000007984021780115062;0.000003639737085229007;3.521542564123903e-7;0.00010128;0
135;0.412605;0.030375839999999987;0.13556080000000004;0.4103808025188972;0.028629178321323345;0.13042319815817358;0.000007980294397682932;0.0000036323689245750016;3.512871961147713e-7;0.00010128;0
136;0.4162658;0.030873119999999976;0.13687920000000003;0.41328730842062045;0.02906756198325056;0.13182985313194562;0.000007950825550165518;0.0000036245732516566628;3.5048768121423667e-7;0.00010128;0
137;0.4195938;0.03137040000000002;0.13687920000000003;0.4162544086543927;0.029505681318234934;0.13323425896334473;0.000007947309436408568;0.0000036155068878956124;3.497776264793138e-7;0;0
138;0.42242260000000004;0.03186768000000001;0.13869200000000004;0.41883849592443395;0.029554379043834726;0.1345470269153412;0.00004530380976173804;0.000004000427535227565;0.0000012421358923288816;0;0
139;0.41992660000000004;0.032033440000000024;0.14017520000000003;0.421735184973376;0.029608681215841353;0.13585727336749298;0.000051931621081615406;0.000004407660889120542;0.0000020931757031343557;0;0
140;0.41643220000000003;0.03253072000000001;0.14132880000000003;0.4213014752589768;0.029666865751614514;0.13716516402581921;0.000053037939875142016;0.000004815076511212293;0.000002900811008982749;0;0
141;0.41160660000000004;0.033028;0.14281200000000002;0.41890316724177723;0.029727584306664702;0.13844737924349482;0.000053274405588674224;0.000005219543021260428;0.0000036575645498305734;0;0
142;0.4086114;0.03385680000000002;0.14462480000000003;0.41493652097778516;0.029783557320052893;0.13969402473973708;0.00005301885304882427;0.000005616227421074556;0.000004359920286697948;0;0
143;0.4046178;0.03402255999999998;0.14610800000000002;0.41155801792744034;0.029834681932758057;0.14089228755424704;0.000052743953481456705;0.000006004583656457673;0.000005004599991092402;0;0
144;0.4007906;0.034519840000000024;0.14726160000000002;0.40781701900909867;0.02987740468990851;0.1420498503906103;0.00005286239590047871;0.000006384699863031534;0.000005597132430170622;0;0
145;0.4007906;0.034519840000000024;0.14825040000000003;0.4041756533682369;0.029909051615999535;0.14315949746952542;0.00005634496955564707;0.000006757579641008168;0.000006137782215979132;0;0
146;0.3969634;0.03501712000000001;0.14956880000000003;0.40254342412384286;0.029939990199992272;0.1442220465387017;0.00005313058092590344;0.000007125730143018464;0.000006631330346890366;0;0
147;0.393469;0.03534863999999999;0.15105200000000002;0.3996576329551126;0.02996530017811966;0.14525226434325839;0.000053475055407436626;0.0000074879106062056796;0.0000070868140168251444;0;0
148;0.3891426;0.035680160000000016;0.15220560000000002;0.39625104003848916;0.029985944596769412;0.1462435975041651;0.00005229551204292274;0.000007844324165717738;0.000007502453437505792;0;0
149;0.3856482;0.03584592000000003;0.15220560000000002;0.39229786510176107;0.029989537031863692;0.14719811848813838;0.00005264452166967952;0.000008192220282106673;0.00000787728495473864;0;0
150;0.3821538;0.03601167999999999;0.15335920000000003;0.3886876406729998;0.029991387561267974;0.1481021034298435;0.000053838704018236295;0.000008537235437942857;0.00000820892275633912;0;0
151;0.3781602;0.036674719999999994;0.15418320000000002;0.385032045663204;0.029990199681711804;0.14896101956176605;0.00005211305450742221;0.000008875022724388056;0.000008503755153832823;0;0
152;0.3748322;0.037006240000000024;0.1550072;0.3810959910624749;0.02997611559000867;0.1497696493522923;0.000051178022575059596;0.000009202607971174772;0.000008762606096326538;0;0
153;0.37100500000000003;0.03766928000000003;0.15599600000000002;0.377557829713095;0.029954748001360568;0.15054091266047168;0.00005217688580647667;0.000009524165419184858;0.000008989107152137137;0;0
154;0.36784340000000004;0.037835039999999986;0.15714960000000003;0.3738747046940653;0.029923461296101184;0.15125973027962117;0.00005322708723320994;0.000009839302461201415;0.000009181658868652632;0;0
155;0.3638498;0.0380008;0.15797360000000002;0.37038341965943544;0.02987810107962169;0.15194802269756938;0.00005081131217181262;0.000010148357942313015;0.000009346785944073252;0;0
156;0.3603554;0.0380008;0.15846800000000003;0.3666008570346238;0.029824088717557123;0.15257990384704379;0.00005012823394442097;0.00001045414670980302;0.000009479223918102302;0;0
157;0.3603554;0.03849807999999999;0.15929200000000002;0.36305158083528893;0.029758611834573394;0.15317623059203633;0.0000514312092273605;0.000010753398808563422;0.000009588486290276571;0;0
158;0.3571938;0.038663840000000005;0.16011600000000004;0.3615118138685308;0.029693080176622876;0.1537360308379514;0.00005044276358631221;0.000011048002353404906;0.000009672726337139507;0;0
159;0.35353300000000004;0.03932688000000001;0.16061040000000001;0.3590018108884262;0.029621423878651798;0.15426974977326177;0.000050219878377814645;0.000011336594750144256;0.000009740241095261854;0;0
160;0.350205;0.03949264000000002;0.16061040000000001;0.3557809372067759;0.02954329254256222;0.1547746117873739;0.00004958495342396103;0.000011618445155815934;0.000009790720821618002;0;0
161;0.346877;0.03982416;0.1612696;0.35250852688189704;0.029452888263889435;0.15523353314538;0.00005005309177328135;0.00001189056446191112;0.000009820802475152054;0;0
162;0.343549;0.0404872;0.1619288;0.349125237190706;0.029354912261676937;0.15566476112442285;0.000048428829286567955;0.000012155970999598882;0.000009836494603621984;0;0
163;0.340221;0.040652960000000016;0.16291760000000002;0.34581356691040194;0.029244326887472024;0.1560444104179177;0.000048081553451701057;0.000012411583278708453;0.000009832669275624592;0;0
164;0.336893;0.04098447999999999;0.16308240000000002;0.3425280174744043;0.029124877694580248;0.15639553642234677;0.000048953428270739365;0.000012659959630875914;0.000009818149024868241;0;0
165;0.33423060000000004;0.04131600000000002;0.16341200000000003;0.33911707426885956;0.02899353026510952;0.15670687315400736;0.000047240033363650074;0.000012899807382364178;0.000009789510716870588;0;0
166;0.3305698;0.04148175999999998;0.16390640000000004;0.3361719804404379;0.028853509067718285;0.15698571196968103;0.00004617601367247976;0.000013131502857267489;0.00000974851131082345;0;0
167;0.32740820000000004;0.04148175999999998;0.1644008;0.33291300659690054;0.02870808999673733;0.157227617657496;0.000047248183487401765;0.000013355713531552692;0.000009696248847621468;0;0
168;0.32740820000000004;0.04148175999999998;0.1644008;0.3297714149793879;0.02854925145477071;0.1574301632040267;0.00004868282818261163;0.00001356924624433576;0.000009634248321964621;0;0
169;0.32408020000000004;0.04181328000000001;0.16489520000000002;0.32813740901802685;0.028384689176381577;0.15760498347870863;0.00004565451767096259;0.000013775554848622077;0.00000956474308733031;0;0
170;0.32141780000000003;0.04231056;0.16522480000000003;0.3256161551240734;0.028217257590909522;0.15776083799788757;0.000044237997549661313;0.00001397807157246588;0.000009491435467459773;0;0
171;0.31808980000000003;0.04247632000000001;0.16522480000000003;0.3230093565805189;0.028035538348303735;0.15788537037010586;0.00004401592269645086;0.000014170615401461286;0.000009410887465309885;0;0
172;0.3150946;0.04264208000000003;0.16538960000000003;0.32000974068664906;0.02784713694679944;0.1579834456121715;0.00004326070203467352;0.000014359770008889887;0.000009325508407698383;0;0
173;0.3120994;0.042807839999999986;0.16538960000000003;0.31706537893235903;0.027646974103148744;0.15804750319008345;0.00004408065191093597;0.000014541854437338967;0.000009232481662218039;0;0
174;0.3091874;0.04347087999999999;0.16604880000000002;0.31406074463617323;0.02743964847289118;0.15807888278892518;0.00004211195554655721;0.000014719092157495793;0.000009133416576526968;0;0
175;0.306525;0.043636640000000004;0.16621360000000002;0.31113257446051434;0.027225027298388063;0.15808400158169927;0.00004148949282241141;0.000014890423375229133;0.000009028749328209481;0;0
176;0.3036962;0.043636640000000004;0.16621360000000002;0.3083165657559383;0.027000946371636404;0.15805984532648806;0.00004092547172789343;0.000015055511540603747;0.000008917570773838777;0;0
177;0.3008674;0.043636640000000004;0.16604880000000002;0.305477882926807;0.026765942293476442;0.1580016401066638;0.00003997136484521476;0.000015215161094214173;0.00000880032461514645;0;0
178;0.29803860000000004;0.04396815999999998;0.16621360000000002;0.30273022690342166;0.02652362671837023;0.1579188761259928;0.000039881522064425436;0.00001537098444184772;0.000008680063650617434;0;0
179;0.29803860000000004;0.04429968000000001;0.16637840000000004;0.29993724522381127;0.026278221972108235;0.15780617012645273;0.00003910897127593646;0.00001552318570584369;0.000008555117074818709;0;0
180;0.2952098;0.04429968000000001;0.16637840000000004;0.2983999607221927;0.026024445720010832;0.1576686005502309;0.00003836620175844157;0.00001566910323548518;0.00000842662096773457;0;0
181;0.292381;0.04446544000000002;0.16621360000000002;0.2962785506998377;0.025763103864801747;0.15751757875036088;0.00003785918456607963;0.000015814376413154875;0.00000829943343639741;0;0
182;0.2893858;0.04446544000000002;0.16621360000000002;0.29381640676572235;0.025494736344225614;0.15734249851352047;0.00003733155079585502;0.000015958114114736143;0.000008169388850556447;0;0
183;0.28688980000000003;0.04479696;0.16621360000000002;0.2911345983218143;0.02522123114913279;0.1571447697034451;0.000036837304941443285;0.00001609941204809715;0.000008038170404047963;0;0
184;0.28439380000000003;0.04496272000000001;0.16621360000000002;0.2885672213539744;0.024943480393147283;0.15692034544292208;0.000036073268655551864;0.000016237058523698763;0.00000790401019337182;0;0
185;0.281565;0.04496272000000001;0.16555440000000002;0.28601649862583317;0.02465487935491297;0.15667057073834664;0.00003517061576384414;0.000016370027534080566;0.000007767944133893365;0;0
186;0.2792354;0.04496272000000001;0.16555440000000002;0.2834581450493649;0.02436237376418003;0.15639424472577096;0.00003615810779136607;0.000016500873317613106;0.000007630030756899492;0;0
187;0.2764066;0.04546;0.16555440000000002;0.2808863440537021;0.024063874114173697;0.15610014189512714;0.00003454999509070701;0.000016628412139250906;0.000007492486179504805;0;0
188;0.274077;0.04546;0.16538960000000003;0.278227575289159;0.023755964948773283;0.15577959287475995;0.00003324574460735643;0.000016752189063129154;0.000007352113530572597;0;0
189;0.27108180000000004;0.04546;0.16506;0.2757480175004611;0.023445572994233863;0.15543633982875343;0.00003227347719022811;0.00001687375044156288;0.000007210601508205259;0;0
190;0.27108180000000004;0.04546;0.16489520000000002;0.2742198758223756;0.023131056494194047;0.15507514779850995;0.00003205019074755513;0.000016991283542600132;0.000007067954740590052;0;0
191;0.2687522;0.045625760000000015;0.16456560000000003;0.2721213022860149;0.022811628773923658;0.15469969485621438;0.00003139903806612269;0.000017109594577639387;0.000006928640365060648;0;0
192;0.2664226;0.045625760000000015;0.16423600000000002;0.2699402805880251;0.022491458330250333;0.15430623064672833;0.00003097330297258367;0.000017226096298275636;0.000006789807905932824;0;0
193;0.2637602;0.04546;0.16423600000000002;0.2677236684019485;0.022163202493657233;0.15389680882452317;0.00003056439442999795;0.00001733867486642967;0.000006651976402678146;0;0
194;0.2612642;0.04579152000000003;0.16407120000000003;0.2653601397736338;0.0218326499138479;0.15346962367847106;0.00003006022821148383;0.000017449612218260976;0.00000651401665442805;0;0
195;0.259101;0.04579152000000003;0.16357680000000002;0.2629519285491595;0.021500799654820196;0.15301964408281052;0.00002916242961103858;0.0000175574496777648;0.0000063752400443979695;0;0
196;0.256605;0.04579152000000003;0.16341200000000003;0.2606605067027417;0.021164507951465107;0.15255166683593238;0.000028982302899577983;0.000017661133920949806;0.0000062375648781475846;0;0
197;0.25427540000000004;0.04579152000000003;0.16324720000000004;0.25828015635605445;0.020817759608616;0.1520647464483477;0.000027906233056806686;0.0000177603178318036;0.000006100563893852156;0;0
198;0.2517794;0.04579152000000003;0.16242320000000002;0.25592729602626824;0.02047298673606546;0.1515596767643498;0.00002718810605372278;0.000017859369420743182;0.000005964211493183833;0;0
199;0.24978260000000002;0.04579152000000003;0.16225840000000002;0.2535459375295231;0.02012447234132893;0.15103631490109226;0.00002646316572862854;0.000017955136090128282;0.000005828527707636357;0;0
200;0.24745300000000003;0.04579152000000003;0.1619288;0.2513068073957724;0.01977308783733333;0.1504964335610571;0.000025826951162871427;0.00001804760658563794;0.000005693675148200325;0;0
201;0.24745300000000003;0.04595727999999999;0.1612696;0.24904518631322498;0.019418440728775948;0.14993664267132295;0.000025248779899898785;0.000018137117866680862;0.000005559208194231515;0;0
202;0.2452898;0.04662031999999999;0.16094000000000003;0.24746599875926245;0.019069080537227095;0.14936427114631856;0.000024642204230411454;0.000018223413489491637;0.000005427102527534598;0;0
203;0.243293;0.04579152000000003;0.16044560000000002;0.2457292546378049;0.018720226186485923;0.14878166332180348;0.000024416701600400726;0.0000183095638966494;0.000005297650933926364;0;0
204;0.2411298;0.04579152000000003;0.16044560000000002;0.24391260888588295;0.01837152540386567;0.14818873919384196;0.000023998658008471766;0.000018393058176241044;0.000005171880863370661;0;0
205;0.2384674;0.04579152000000003;0.15995120000000002;0.24199383411293826;0.018017844462526793;0.14758396613392874;0.000023495933321344673;0.000018471397562913078;0.000005048103897389585;0;0
206;0.23663700000000001;0.04579152000000003;0.15929200000000002;0.2398813594150942;0.017671111642639452;0.14696604322051454;0.000022917700959191865;0.00001854957840444712;0.000004926324832033994;0;0
207;0.2344738;0.04579152000000003;0.15863280000000002;0.2378447130782478;0.01732240703305325;0.14633314720031443;0.00002248180724390817;0.000018623956124873537;0.000004806050677779559;0;0
208;0.23247700000000002;0.04579152000000003;0.15846800000000003;0.23578016406796312;0.01697743072095004;0.14568618657375826;0.00002214764993059108;0.0000186950371639392;0.000004687975284714729;0;0
209;0.23048020000000002;0.04579152000000003;0.15764400000000003;0.23373564845109732;0.01662988329199469;0.14502559602506468;0.000021511724853968336;0.000018761893092548153;0.00000457203733214833;0;0
210;0.2284834;0.045625760000000015;0.15698480000000004;0.23174188139054064;0.016290138225462766;0.14435450065628933;0.000021246966490850882;0.000018825758250563984;0.000004458854517813515;0;0
211;0.22615380000000002;0.045625760000000015;0.15649040000000003;0.22973266400144776;0.015948811184226745;0.1436723353920148;0.000020979873068786805;0.00001888571865443708;0.0000043474399792361455;0;0
212;0.22615380000000002;0.045625760000000015;0.15533680000000002;0.2276515699613753;0.015612347195744844;0.14297703880441562;0.000020729172219341182;0.00001894246911406661;0.000004237400307273542;0;0
213;0.2239906;0.045625760000000015;0.15467760000000003;0.22609596573683197;0.01527888964779013;0.1422714171682111;0.000020325279285260066;0.00001899491826037152;0.000004128683822771925;0;0
214;0.22199380000000002;0.04546;0.15451280000000003;0.22437851600337788;0.014950295499466984;0.14155761454262653;0.00002000208672256861;0.00001904507831898855;0.000004023894468482757;0;0
215;0.22032980000000002;0.045294239999999986;0.15451280000000003;0.2226094278618992;0.014623295621153212;0.14083518065609915;0.000020156447951841962;0.000019091973060050366;0.000003922007176522901;0;0
216;0.21816660000000002;0.045294239999999986;0.15368880000000001;0.22085698778628202;0.014301828377618763;0.140105291628421;0.000019703852112977154;0.00001913634308766561;0.0000038229620796961965;0;0
217;0.21733460000000002;0.045294239999999986;0.15302960000000002;0.21902031786608298;0.013984277129624686;0.13936568673790495;0.000019532161406755307;0.000019177583526629095;0.0000037252908183194713;0;0
218;0.2146722;0.04496272000000001;0.15335920000000003;0.21741242979955847;0.013671590640147223;0.1386185254721503;0.00001955929792897306;0.000019215262967415948;0.000003630033706140024;0;0
219;0.21267540000000001;0.04496272000000001;0.15138160000000003;0.21557837156762524;0.013361741141582081;0.13786349862293676;0.000019136415371447616;0.000019250720878048004;0.0000035375877392170114;0;0
220;0.21117780000000003;0.04479696;0.15105200000000002;0.21372020106866357;0.013060307535126678;0.13709989687078505;0.000018926747961002814;0.000019283788679711296;0.000003447264691743165;0;0
221;0.2088482;0.04479696;0.15022800000000003;0.21195291288466825;0.0127651147681728;0.13632777611713714;0.00001857395471498198;0.000019313709430775647;0.0000033587878769857642;0;0
222;0.20701780000000003;0.04479696;0.14907440000000002;0.21006895943561732;0.012475493759911723;0.13554873222362646;0.000018311293913886144;0.00001934080455226762;0.000003272692782372128;0;0
223;0.20701780000000003;0.04479696;0.14874480000000004;0.20822118617303148;0.01219148515829105;0.13476042199848084;0.000018258408105571662;0.00001936483075516545;0.0000031879770667526636;0;0
224;0.205853;0.04463119999999998;0.1480856;0.20674951716859574;0.011914615151908564;0.13396559615696316;0.000017981589731389268;0.000019385803500908015;0.0000031052591575814315;0;0
225;0.20385620000000002;0.04446544000000002;0.14726160000000002;0.20535367325634474;0.011643315082704879;0.1331677670441512;0.000017676090754916553;0.000019404295959872152;0.0000030249600586260687;0;0
226;0.2023586;0.04429968000000001;0.14726160000000002;0.2038352979002659;0.011380349878838073;0.13236624719336373;0.000017428397971176074;0.000019421158846539644;0.0000029474998150692572;0;0
227;0.20052820000000002;0.04396815999999998;0.14627280000000004;0.20232068910956713;0.011124351196314957;0.13156071436552633;0.00001722143038004978;0.00001943606880026232;0.0000028726108729403585;0;0
228;0.1990306;0.04380240000000002;0.14544880000000002;0.20074985376154528;0.010875991416668809;0.1307510210400389;0.000017043447700921338;0.00001944873423394445;0.000002799773796478965;0;0
229;0.1972002;0.043636640000000004;0.14478960000000002;0.19920139512043436;0.010634761669347926;0.12993719382512653;0.000016923439383495923;0.000019459739394233206;0.000002728990908136487;0;0
230;0.19586900000000002;0.043636640000000004;0.14413040000000002;0.1975864669454001;0.010401269371410336;0.1291189524357097;0.000016768181447252974;0.000019468837160180148;0.000002659969407414615;0;0
231;0.19420500000000002;0.0429736;0.14281200000000002;0.19603048889701574;0.010175258598973549;0.1282967691674198;0.000016917999053070785;0.00001947602489103562;0.0000025930226603868586;0;0
232;0.1923746;0.0429736;0.14215280000000002;0.19445739079360605;0.009958673414462809;0.12747063975104864;0.0000166006164409085;0.00001947986291699382;0.000002527606327431752;0;0
233;0.1907106;0.0429736;0.14132880000000003;0.19285352541175965;0.009748832177415316;0.12664053687668705;0.000016262074525050737;0.000019483846395607023;0.000002464029845975778;0;0
234;0.1907106;0.042807839999999986;0.14034000000000002;0.19124060816274097;0.009547713855197568;0.12580651573227714;0.00001603909761260353;0.000019486057624410143;0.00000240220769429124;0;0
235;0.18871380000000001;0.04264208000000003;0.13951600000000003;0.18993955668022067;0.009352994594759684;0.12497104241354226;0.000015840816197613572;0.00001948665240928904;0.000002341862144879065;0;0
236;0.1872162;0.04231056;0.13869200000000004;0.1885213576360492;0.009167793339645711;0.12413398673335418;0.000015549285480895647;0.000019485835637958177;0.0000022838995067026697;0;0
237;0.1857186;0.04197904000000002;0.13869200000000004;0.1870852752004573;0.008990295190234516;0.12329560721069298;0.000015334913051736783;0.000019484239234310037;0.0000022270959584703334;0;0
238;0.1840546;0.04197904000000002;0.13786800000000002;0.1856424715696912;0.00882088894883339;0.12245580725182073;0.000015156928012380007;0.00001948144208178283;0.0000021718442563052005;0;0
239;0.1827234;0.04181328000000001;0.1367144;0.18415489703757817;0.008659548875261092;0.12161436350476736;0.00001504177304910558;0.00001947717191088041;0.000002118332576922422;0;0
240;0.1810594;0.04148175999999998;0.13622000000000004;0.18269511781491213;0.008506625791524664;0.12077129718383182;0.000014823551895848805;0.00001947167559328883;0.0000020663553767010343;0;0
241;0.17956180000000002;0.04131600000000002;0.13539600000000002;0.18122002098818046;0.00836158960115638;0.11992684701811487;0.000014596061535055713;0.00001946377233486553;0.000002015423048943704;0;0
242;0.17823060000000002;0.04098447999999999;0.13457200000000002;0.17973671188034532;0.008224648046766253;0.11908109080810109;0.000014340380144497215;0.000019455022972585462;0.0000019659665418815317;0;0
243;0.176733;0.04098447999999999;0.1335832;0.17827608018897273;0.008096523013886203;0.11823402660300059;0.000014130886815136242;0.000019445613300866273;0.0000019175715961420745;0;0
244;0.17490260000000002;0.04098447999999999;0.13275920000000002;0.17681472309194673;0.007975871568479466;0.11738601485664185;0.000013903509257055732;0.000019430797497273903;0.0000018705779437935494;0;0
245;0.17490260000000002;0.040652960000000016;0.13193520000000003;0.1752934061018404;0.00786346799631336;0.11653694121704887;0.000013760461884965586;0.000019417129047588622;0.0000018249316252484118;0;0
246;0.17373780000000003;0.040652960000000016;0.13061680000000003;0.17403282449250343;0.007764919043387291;0.115687713452221;0.000013572698774313587;0.000019396948695971182;0.0000017803786824320329;0;0
247;0.17240660000000002;0.0404872;0.1297928;0.17278800355870572;0.007671270560189251;0.11484038756325947;0.000013334571775684543;0.00001937628722602512;0.0000017371021777032527;0;0
248;0.17074260000000002;0.03965839999999998;0.1297928;0.17152925867269975;0.007590092617289875;0.11399507512934932;0.000013261983126403604;0.00001934515637108713;0.000001695136108701637;0;0
249;0.1695778;0.03965839999999998;0.12896880000000002;0.17020641658067046;0.007513538053318977;0.11315161652763786;0.000013099804386954124;0.000019309462433838117;0.0000016543702664383147;0;0
250;0.1679138;0.03932688000000001;0.12830960000000002;0.1689082676439029;0.0074462078060334525;0.11230989906204013;0.00001290797737936316;0.000019266082499543202;0.000001614697682466582;0;0
251;0.16658260000000003;0.03899535999999998;0.12732080000000004;0.16754959669595762;0.00738358535692261;0.11146924090582798;0.000012680997922620127;0.00001921208591771751;0.0000015763344072390793;0;0
252;0.1649186;0.038663840000000005;0.1266616;0.16620008347806703;0.007329541544434774;0.11062967466818675;0.000012547162394346063;0.000019145081288095274;0.0000015388059566396297;0;0
253;0.16358740000000002;0.03849807999999999;0.12550800000000004;0.1648127783305413;0.007279241923435218;0.10979132375973401;0.000012366442217295636;0.000019071332704710703;0.000001502008977105527;0;0
254;0.16275540000000002;0.03833232000000003;0.12484880000000004;0.16343581710390281;0.0072367214248719594;0.108953911104667;0.00001234193528316646;0.000018978091515357236;0.000001466354241990734;0;0
255;0.160925;0.03833232000000003;0.12353040000000001;0.1621412645446834;0.0072096221193571255;0.1081181287715465;0.000012194561753871808;0.00001885257291385166;0.0000014314926351779841;0;0
256;0.160925;0.037835039999999986;0.12287120000000001;0.160772659633234;0.00718203089475956;0.10728413788011455;0.000012067940372735323;0.00001869170394806394;0.0000013974600671075203;0;0
257;0.1595938;0.03766928000000003;0.12204720000000002;0.1596024193730039;0.007185324554506605;0.10645367495342098;0.000011937660455231791;0.000018505179832408537;0.000001363907429347332;0;0
258;0.15809620000000002;0.03750352000000001;0.12089360000000002;0.15842089598329906;0.0072005648718178016;0.10562542499129023;0.000011811794177442226;0.00001826082501517797;0.0000013317351690191833;0;0
259;0.1569314;0.037006240000000024;0.12089360000000002;0.157180150357005;0.007214401105585028;0.10480139943097143;0.00001169714385492981;0.00001797235228522489;0.0000012999452750042234;0;0
260;0.15560020000000002;0.03650895999999998;0.12006960000000003;0.1559592439359639;0.007235391128717531;0.1039816033176285;0.000011629234050890546;0.00001765942002977796;0.0000012687617059404003;0;0
261;0.1544354;0.03634320000000002;0.11941040000000003;0.1547213588564489;0.007263101332224922;0.10316366491904681;0.000011502103012113453;0.00001727167548955897;0.0000012388155467402646;0;0
262;0.1527714;0.03584592000000003;0.11858640000000004;0.1534842851252106;0.007293308165741101;0.10234993138863188;0.000011580982535874487;0.00001686644803122688;0.0000012088969963971025;0;0
263;0.1516066;0.03584592000000003;0.11743280000000003;0.15220623226492047;0.007323472908141958;0.10154004945806755;0.000011518569486509286;0.00001637072204198978;0.0000011798107488398261;0;0
264;0.15010900000000002;0.0355144;0.11660880000000004;0.15094208952389548;0.007359672146070621;0.10073265907511178;0.000011470312213692301;0.000015848339875562862;0.0000011517686681635186;0;0
265;0.14877780000000002;0.03501712000000001;0.11562000000000003;0.149641565241114;0.007393516108494899;0.09992844850857543;0.000011377884462014839;0.000015274134179904668;0.000001124064561121768;0;0
266;0.14761300000000002;0.03501712000000001;0.11463120000000002;0.14834287091608084;0.007430386361961535;0.09912686481121494;0.000011447478963051328;0.000014702624957194967;0.0000010969543448264302;0;0
267;0.14761300000000002;0.03501712000000001;0.11380720000000003;0.14706662512743743;0.007476462150357889;0.09832818094980451;0.00001138294153073686;0.000014090590137639108;0.000001070385506272418;0;0
268;0.1461154;0.03468559999999998;0.11281840000000001;0.145978953186546;0.00755790016581937;0.09753186104279676;0.000011275978183448998;0.00001351321363041065;0.00000104438164746608;0;0
269;0.1449506;0.034519840000000024;0.11215920000000001;0.14482435655558054;0.007634478398382893;0.0967427440551797;0.000011237428772160705;0.000012935980461678216;0.0000010186233647067011;0;0
270;0.14378580000000002;0.03435408000000001;0.11215920000000001;0.14366547902638763;0.007705751732491827;0.09595829950032345;0.000011290793342840214;0.000012430601564412864;9.938585724885072e-7;0;0
271;0.1422882;0.03385680000000002;0.11084080000000002;0.14252234418587065;0.007782932516087462;0.09517838876728947;0.000011166837206195139;0.000011947647619487106;9.698585063491206e-7;0;0
272;0.1411234;0.033359519999999976;0.11018160000000002;0.14132379584879998;0.007849212837628879;0.09440302313486788;0.00001107738143262462;0.00001153224438021912;9.463964167006965e-7;0;0
273;0.13995860000000002;0.033028;0.10952240000000002;0.1401375578202882;0.007918426078095512;0.09363203345152632;0.000010933134349416336;0.000011157290339851343;9.234755363742126e-7;0;0
274;0.13879380000000002;0.03269648000000003;0.10820400000000002;0.13894866051324287;0.007987161608536257;0.09286417634858254;0.000010850527850103748;0.000010828806667802995;9.01323105633137e-7;0;0
275;0.1372962;0.03236496;0.10770960000000002;0.1377599654835309;0.008057407318065325;0.09210137093201468;0.000010745101059579116;0.000010532236912589182;8.793420007421429e-7;0;0
276;0.135965;0.03186768000000001;0.10688560000000003;0.13654130900958505;0.008123810594595167;0.09134199639043161;0.000010642601234613257;0.000010273270573870509;8.582125300686184e-7;0;0
277;0.1348002;0.03186768000000001;0.10606160000000003;0.13530251831547702;0.008190825495106276;0.09058559882553169;0.00001050505529876134;0.000010033030794015345;8.375972761705543e-7;0;0
278;0.1348002;0.031701919999999995;0.10490800000000003;0.13407685741558917;0.00826019113818706;0.08983241615864411;0.000010393016302172865;0.000009823328309502572;8.172011492662613e-7;0;0
279;0.13330260000000002;0.03153615999999998;0.10408400000000004;0.13300400553701996;0.008343572683363028;0.08908418475161202;0.000010353430958857228;0.000009644109215953643;7.971136938668766e-7;0;0
280;0.1323042;0.03103887999999999;0.10309520000000003;0.13188913705254146;0.008422294704524519;0.08834153732911293;0.000010288575260058598;0.000009482591952044092;7.777588149926176e-7;0;0
281;0.13113940000000002;0.030707360000000017;0.10309520000000003;0.13079267041925036;0.008500392889881773;0.08760237992792701;0.000010225780543402473;0.000009337851613589693;7.592008373412688e-7;0;0
282;0.12997460000000002;0.030707360000000017;0.10227120000000003;0.12969159407800115;0.008583428761478773;0.08686780887237476;0.000010140479814114197;0.000009196217952861755;7.409704320630904e-7;0;0
283;0.1289762;0.030044320000000013;0.10161200000000004;0.12858020415518912;0.008660619203268579;0.0861389613303272;0.000010066880440890113;0.00000907614420936848;7.230194719799541e-7;0;0
284;0.1279778;0.02987856;0.10095280000000004;0.1274809249650041;0.00873840069887781;0.08541421749727453;0.000010110289283147041;0.000008963819788669442;7.05774710830995e-7;0;0
285;0.12648020000000001;0.029547040000000024;0.09996400000000003;0.12640610887189396;0.00881789382403492;0.08469397395861208;0.000009998813079929836;0.000008855892653410188;6.889719134432835e-7;0;0
286;0.1254818;0.02938128000000001;0.09897520000000001;0.1252698501941579;0.008891015549056738;0.08397819349784812;0.000010011901237966426;0.000008756925923386068;6.725517434674148e-7;0;0
287;0.12431700000000001;0.02888400000000002;0.09815120000000002;0.124158703256623;0.008966007503026624;0.08326598133110544;0.000010049125107941197;0.00000866028314532825;6.565589093028853e-7;0;0
288;0.1229858;0.02888400000000002;0.09732720000000003;0.12305898606045991;0.009039944375500736;0.08255794487656525;0.000010005017404818606;0.00000856841007886709;6.408632850361363e-7;0;0
289;0.1229858;0.02855247999999999;0.09666800000000003;0.12192794591025659;0.009109046846505575;0.0818543743284082;0.000009976023778659716;0.000008482052244051781;6.254813458221589e-7;0;0
290;0.12198740000000002;0.028386719999999976;0.09567920000000002;0.12095208076420827;0.009180716519691694;0.08115529124918312;0.000009953763225301086;0.000008398394790921864;6.105202731811652e-7;0;0
291;0.1208226;0.028055200000000002;0.09469040000000004;0.11996635036315621;0.009254265281738493;0.08046152759082371;0.000009947122379926087;0.000008311541912517082;5.960766373775992e-7;0;0
292;0.1194914;0.02772368000000003;0.09469040000000004;0.1189612446114233;0.00932908765682858;0.07977341318926602;0.000009981106171641111;0.000008223458534565678;5.820327533264609e-7;0;0
293;0.1186594;0.027060640000000025;0.09403120000000004;0.11791635820450433;0.009396558722715638;0.07908892453886031;0.000010045970574614476;0.000008141236053975766;5.684803974114312e-7;0;0
294;0.11732820000000002;0.02689488000000001;0.09320720000000002;0.11690987985233008;0.009465158527139684;0.07840996205754129;0.000010049337100720759;0.00000805897757407974;5.550779531851219e-7;0;0
295;0.11632980000000001;0.02656335999999998;0.09205360000000004;0.1158644463284891;0.009525727104448526;0.07773463709030906;0.000010129112278240659;0.000007981271414966325;5.421813538002182e-7;0;0
296;0.1153314;0.02606607999999999;0.09122960000000002;0.11481124674169674;0.009588389011291712;0.0770640397855167;0.000010313840559554707;0.000007899340957093014;5.294804117740229e-7;0;0
297;0.11416660000000001;0.025900319999999977;0.09040560000000003;0.1137968185476086;0.009645993613514349;0.07639738785958872;0.000010291567026943926;0.000007822269056778544;5.171656780161901e-7;0;0
298;0.11300180000000001;0.025734560000000017;0.08941680000000002;0.11276831499308487;0.009702795075625416;0.07573457287777084;0.00001034324736016317;0.000007743721521234783;5.051310416217484e-7;0;0
299;0.1120034;0.025734560000000017;0.08892240000000004;0.11174161474575128;0.00975582389232001;0.07507585169057474;0.00001029688704969426;0.000007666971098354103;4.933016854081063e-7;0;0
300;0.1120034;0.025403039999999988;0.08809840000000002;0.11072182731203244;0.009807948289697482;0.07442216369655247;0.000010376587914023903;0.000007589691918677362;4.81661062084591e-7;0;0
301;0.1106722;0.02490576;0.08727440000000003;0.10982551155444034;0.009860043700039733;0.07377183773551522;0.000010390299762633131;0.000007514490628790559;4.7055894559524127e-7;0;0
302;0.1095074;0.024739999999999984;0.08628560000000002;0.10887491318263158;0.009907865785199992;0.07312698764824323;0.000010529869925699122;0.000007439106413065809;4.5970750807591225e-7;0;0
303;0.1090082;0.024574240000000025;0.08628560000000002;0.10792362538885214;0.009952911502944566;0.07248604082153817;0.000010501590283886312;0.000007363277601657093;4.4920668931452275e-7;0;0
304;0.10767700000000002;0.02440848000000001;0.08546160000000003;0.1070336325998846;0.009992880840593719;0.07185124570559062;0.000010506128850516058;0.000007289501163560442;4.3879771987366236e-7;0;0
305;0.10667860000000001;0.023579679999999992;0.08480240000000003;0.10609175679025978;0.010029493664459486;0.07121962651677878;0.000010508263489316701;0.000007213880574672815;4.289897216209458e-7;0;0
306;0.1056802;0.023413919999999977;0.08414320000000003;0.10514890584558173;0.010061922965060796;0.07059372623803353;0.000010533069943310621;0.000007137796657588712;4.1919132579710176e-7;0;0
307;0.10451540000000001;0.023082400000000003;0.08298960000000002;0.1042031844506974;0.010091742620285839;0.06997123892261484;0.000010574331315564125;0.0000070602303053947876;4.098963813224592e-7;0;0
308;0.103517;0.02275088000000003;0.08233040000000003;0.10324038599170336;0.010118492526200215;0.06935197405589356;0.000010596086330874158;0.00000698168432143852;4.007834759926893e-7;0;0
309;0.102685;0.022585120000000014;0.08183600000000002;0.10228090951992039;0.010141476629092526;0.06873711157624848;0.00001059396452618718;0.000006903257067518429;3.9170210469087306e-7;0;0
310;0.1015202;0.022585120000000014;0.08101200000000003;0.10134507594837135;0.010160712181723975;0.06812601085602371;0.000010586303922620106;0.000006824875164306062;3.829351123183947e-7;0;0
311;0.1015202;0.02192208000000001;0.08002320000000002;0.10038295170192597;0.010175813783341306;0.06751764889401739;0.00001056479893700055;0.000006745711455275002;3.7446902898308916e-7;0;0
312;0.10052180000000002;0.02159055999999998;0.07919920000000003;0.09954461980666149;0.0101893846244482;0.06691277275614783;0.00001060382141737661;0.000006666076553456787;3.6600657496384916e-7;0;0
313;0.09968980000000002;0.02142480000000002;0.07854000000000003;0.09869898652354187;0.010199100876308615;0.066312944471868;0.000010633717666895876;0.0000065856928389973135;3.5783340922640317e-7;0;0
314;0.09869140000000001;0.020761760000000018;0.07854000000000003;0.09786331888335661;0.010210559967552825;0.06571776451324288;0.00001061606531319673;0.000006502948871824438;3.4996666879153973e-7;0;0
315;0.09752660000000002;0.020596000000000003;0.07788080000000003;0.09701025387299608;0.010214373166407073;0.0651266423671959;0.00001068088983622165;0.000006423052164600086;3.4237179347329624e-7;0;0
316;0.09669460000000002;0.01993296;0.07689200000000002;0.0961233446879213;0.010213744550844178;0.0645394225537497;0.000010705615258031337;0.000006342746347995567;3.349903039963253e-7;0;0
317;0.0955298;0.019601440000000026;0.07606800000000002;0.09525976204585282;0.01020897055640008;0.06395576356160333;0.000010641077867759224;0.0000062623748662434005;3.27765385621017e-7;0;0
318;0.09453140000000002;0.01943568000000001;0.07507920000000004;0.0943443874288291;0.01020195926658268;0.06337541129111403;0.000010670439153446388;0.000006180282515681219;3.207205207832437e-7;0;0
319;0.093533;0.018772640000000007;0.07442000000000004;0.09344097474765833;0.010190013353655481;0.06279849825841471;0.000010653644673010787;0.000006099614413902961;3.137469121141961e-7;0;0
320;0.092701;0.018606879999999992;0.07392560000000004;0.092528371700168;0.010172827517677343;0.0622238692061933;0.000010607676004835504;0.000006019142972152665;3.0704458719378e-7;0;0
321;0.09153620000000001;0.018606879999999992;0.07293680000000002;0.09164195672723655;0.01015232254799123;0.06165228849711407;0.000010530165210632715;0.000005937634193612135;3.0033501202248593e-7;0;0
322;0.09153620000000001;0.018109600000000003;0.07211280000000003;0.09072031301567635;0.010129722378275146;0.061083536003733785;0.0000105076675716358;0.000005854187986321356;2.9381654812859966e-7;0;0
323;0.0908706;0.017612320000000015;0.07128880000000004;0.08991190941916906;0.010104554861270907;0.0605178185280183;0.00001043536129507475;0.000005772347957151167;2.8740728126282e-7;0;0
324;0.08987220000000001;0.017115040000000026;0.07046480000000002;0.08912016199758095;0.010076113027114777;0.059955373551706756;0.000010433449597939444;0.0000056904231128561374;2.812638423566972e-7;0;0
325;0.08904020000000001;0.01694928000000001;0.07046480000000002;0.0883278718696987;0.010044728171397151;0.05939597624609377;0.000010358584689536662;0.0000056081623612991425;2.752951386564417e-7;0;0
326;0.08787540000000002;0.016783519999999996;0.07013520000000004;0.087532277442562;0.010007041835879535;0.05884019981559021;0.000010262563289001263;0.000005526703846962972;2.693897416868842e-7;0;0
327;0.08704340000000002;0.016286240000000007;0.06914640000000002;0.08669244952816035;0.009966336988014352;0.05828813869687342;0.000010181497602880295;0.0000054441947461732366;2.6364786957106147e-7;0;0
328;0.08604500000000001;0.016120479999999993;0.0683224;0.08585798707680263;0.00992308342607153;0.057738771757349004;0.000010143093537114875;0.000005361201283111651;2.581127812117735e-7;0;0
329;0.0847138;0.01578896000000002;0.06733360000000005;0.08501822639095104;0.009874880066745861;0.05719183668130255;0.00001006365477061036;0.00000527889647964928;2.527251873309753e-7;0;0
330;0.08404820000000002;0.015623200000000004;0.06667440000000002;0.08412072078060095;0.009823839002322704;0.05664737871870562;0.000010015746388579338;0.000005195337087083786;2.474034726079296e-7;0;0
331;0.08304980000000001;0.015125920000000015;0.06601520000000005;0.08326149043155852;0.009768535346360097;0.05610485996859949;0.000009995297734935632;0.0000051134475303134685;2.4214957723494675e-7;0;0
332;0.0820514;0.015125920000000015;0.0651912;0.0823894836926143;0.00971029891317514;0.055564401298838835;0.000009909191956020204;0.0000050308768404188945;2.370538166468591e-7;0;0
333;0.0820514;0.014794399999999985;0.06436720000000001;0.08150058723442799;0.009647446865023696;0.055025393456920035;0.000009775289033059516;0.000004949057659693735;2.3208712721378457e-7;0;0
334;0.08138580000000001;0.014131359999999982;0.06370800000000004;0.08071047662408469;0.009583905805394111;0.054488093131291736;0.000009742344628160535;0.000004866246713846624;2.2707874363467494e-7;0;0
335;0.08055380000000001;0.013965600000000022;0.06321360000000004;0.07996194385967242;0.009517734149388286;0.05395354777321778;0.000009599602022425542;0.000004784023925722194;2.222315708003007e-7;0;0
336;0.07972180000000001;0.013634079999999993;0.06321360000000004;0.07920572966171244;0.009449940265871476;0.053421672419576106;0.00000947853802056631;0.000004701823318576764;2.1753951505077961e-7;0;0
337;0.0787234;0.013302560000000019;0.062389600000000045;0.0784464922031957;0.009376229975057541;0.052892818531490346;0.000009364709922827517;0.000004621356089116991;2.1293793006730416e-7;0;0
338;0.07772500000000002;0.013302560000000019;0.061565600000000054;0.07766382967072917;0.009300010433795943;0.05236696420564578;0.00000925061012217739;0.000004540553670691981;2.085003796493463e-7;0;0
339;0.07689300000000002;0.01297103999999999;0.06074160000000001;0.07686479855206682;0.009220767000969122;0.05184302076586558;0.000009120061063196352;0.000004459963409268792;2.0428212810585158e-7;0;0
340;0.0758946;0.012805279999999974;0.060082400000000036;0.07605948512371656;0.009139079741419559;0.051320951928429386;0.000009089504588992443;0.000004379554365365983;2.001131777694585e-7;0;0
341;0.0753954;0.01297103999999999;0.05958800000000003;0.07524974895874781;0.009054010937138169;0.05080092241701684;0.00000892572589584653;0.000004299968158830978;1.9601186459849443e-7;0;0
342;0.0745634;0.01297103999999999;0.05876400000000004;0.07446840295829266;0.00896773212589939;0.050282298972251005;0.000008778525286076048;0.000004220320155242131;1.92074804073481e-7;0;0
343;0.0737314;0.01297103999999999;0.05810480000000001;0.07369386620938784;0.008877175178879185;0.049765700867888056;0.00000865326247820004;0.000004142390343121805;1.881512742044358e-7;0;0
344;0.0737314;0.013136800000000004;0.05744560000000004;0.07291560684165058;0.008784750914159633;0.049251078545127634;0.00000852968187538812;0.000004064257183273712;1.8435434465127208e-7;0;0
345;0.07256660000000001;0.01297103999999999;0.056786400000000015;0.07221976580289034;0.008689583446737701;0.0487379574522184;0.000008425655610386236;0.000003987045266392032;1.8069741354092443e-7;0;0
346;0.07190100000000002;0.01297103999999999;0.056127200000000044;0.07148205331157406;0.00859261064324352;0.04822741597450218;0.00000832636079969494;0.000003909866672681357;1.7712647808733924e-7;0;0
347;0.07090260000000001;0.01297103999999999;0.056127200000000044;0.07075688057318062;0.008493976390484291;0.04771920826855659;0.000008220005384120217;0.000003833213649423394;1.7364135620183253e-7;0;0
348;0.07007060000000001;0.013136800000000004;0.05546800000000002;0.07002017279298431;0.008391518723640384;0.04721307474008579;0.000008070108212423318;0.000003757693247921042;1.7031322660922924e-7;0;0
349;0.0690722;0.013136800000000004;0.054644000000000026;0.06926759008480977;0.00828773474628156;0.04670875630345227;0.000007964477644440518;0.000003682231581928972;1.6708446291691676e-7;0;0
350;0.0682402;0.013136800000000004;0.053820000000000034;0.06850146454276587;0.008181255884825435;0.04620601433224434;0.000007868433550214306;0.0000036077561546462594;1.6394108961905544e-7;0;0
351;0.067741;0.013136800000000004;0.05332560000000003;0.06773923377353674;0.008072979084109269;0.04570469927664435;0.000007737683624573924;0.000003533813945025718;1.608714738353682e-7;0;0
352;0.06674260000000001;0.013136800000000004;0.0526664;0.06700179269197884;0.00796358325490023;0.04520472705961955;0.000007611647578005876;0.0000034605104965468467;1.5788740397529747e-7;0;0
353;0.0657442;0.013136800000000004;0.05217200000000005;0.06624768900149276;0.007851036721102524;0.04470639731043599;0.000007521575128731792;0.000003388603793073121;1.5498471171313516e-7;0;0
354;0.06507860000000001;0.013136800000000004;0.051348000000000005;0.06547844869235583;0.007737041509200243;0.044209351277233785;0.000007371038211209597;0.000003316882464362441;1.5219858989819063e-7;0;0
355;0.06507860000000001;0.01297103999999999;0.050853600000000054;0.06472059829389971;0.007621610191255419;0.04371336865049993;0.000007217278532620168;0.0000032460052657097436;1.4947661046906532e-7;0;0
356;0.06424660000000001;0.01297103999999999;0.05019440000000003;0.06403649368252029;0.007505913382187091;0.04321876272729363;0.000007106364493832033;0.000003176261185049607;1.4682038050805146e-7;0;0
357;0.063581;0.012805279999999974;0.0495352;0.06334000802426118;0.007387397620231762;0.042726220527257434;0.00000698812135621158;0.0000031076833354168593;1.4429481460403761e-7;0;0
358;0.062749;0.012805279999999974;0.0495352;0.0626545574669306;0.007268116102119996;0.04223532462847406;0.000006838527660473081;0.0000030396177967492102;1.4190788146401695e-7;0;0
359;0.061917;0.012805279999999974;0.049205600000000016;0.06196123839000316;0.007147038036833249;0.04174617509528338;0.000006719188787318949;0.0000029724900352999253;1.3959942302666113e-7;0;0
360;0.061085;0.012639520000000015;0.048381600000000025;0.061264213925728186;0.007025445064051426;0.04125879262583529;0.000006573900128188502;0.0000029059538739092997;1.3737566866201955e-7;0;0
361;0.060253;0.012639520000000015;0.047722400000000054;0.060561338066393126;0.006902285490871677;0.04077279332786091;0.000006461999020754171;0.00000284061276499634;1.3527709261903695e-7;0;0
362;0.05925459999999999;0.012639520000000015;0.04739280000000001;0.059846537605082455;0.006777730416549343;0.040287979720694714;0.000006351366498274037;0.000002776194352420682;1.3325385142380468e-7;0;0
363;0.05875540000000001;0.012307999999999986;0.04656880000000002;0.05912078292068399;0.006652349618316317;0.03980444245123112;0.000006228006171758406;0.000002712461580468528;1.3124385773039968e-7;0;0
364;0.057923400000000014;0.012142240000000026;0.04590960000000005;0.05840845922088813;0.006526496645810043;0.03932186507011438;0.0000061496096453018975;0.000002649505185674805;1.2934460086238508e-7;0;0
365;0.057091400000000014;0.012142240000000026;0.045415200000000044;0.05770125716370663;0.006399714648422666;0.03884046321925575;0.000006009800538704384;0.0000025879991720749035;1.2749648378781526e-7;0;0
366;0.057091400000000014;0.011976480000000012;0.04475600000000002;0.056990870913712785;0.006272073348885795;0.03836018028907156;0.000005878272064344774;0.0000025276229215691826;1.2573443939919364e-7;0;0
367;0.056259400000000015;0.011976480000000012;0.04426160000000001;0.05633251013588802;0.00614420254819135;0.03788103080900547;0.000005762099143768304;0.0000024683117222027175;1.240417367181951e-7;0;0
368;0.05576019999999998;0.011976480000000012;0.043767200000000006;0.05567163277408437;0.00601689827633996;0.03740353400587319;0.00000563063384292932;0.0000024095381302725244;1.2246194400544937e-7;0;0
369;0.05492819999999998;0.011976480000000012;0.043767200000000006;0.05502538176595062;0.0058876712906799035;0.03692745941239947;0.0000054910833785965105;0.000002352521069614001;1.2096990837213597e-7;0;0
370;0.054262599999999994;0.011810719999999997;0.042943200000000015;0.054366243852523526;0.005758695091907927;0.03645328565635577;0.0000053839578364437355;0.000002296170421432227;1.195476759254984e-7;0;0
371;0.053430599999999995;0.011147679999999993;0.04261360000000003;0.05371310762534009;0.005629408393342603;0.03598037333650775;0.000005273052051048175;0.000002240877480374533;1.1826908569763334e-7;0;0
372;0.05293140000000002;0.011147679999999993;0.04146000000000005;0.05305599401930383;0.005500400357067688;0.03550902191054888;0.000005152254408849728;0.0000021863802245734152;1.1703639962618695e-7;0;0
373;0.05209940000000002;0.010981919999999978;0.040965600000000046;0.05241380280291183;0.005371288502167006;0.0350391748796446;0.0000050331644632396314;0.0000021332833371627764;1.1588522138185394e-7;0;0
374;0.05143380000000003;0.010816160000000019;0.040636000000000005;0.051757032553351075;0.005241716962020736;0.03457080524041826;0.000004951535457032035;0.0000020813483351341027;1.1485029857346017e-7;0;0
375;0.050768199999999986;0.010816160000000019;0.039976800000000035;0.051112509381605546;0.005112121725586271;0.03410384619683385;0.000004871726225774573;0.0000020304467797586354;1.1389309872311041e-7;0;0
376;0.049936199999999986;0.010816160000000019;0.03948240000000003;0.05046698441552979;0.004982760842909134;0.03363827740896735;0.000004752858281217478;0.0000019804737917579156;1.1304827951473992e-7;0;0
377;0.049936199999999986;0.010650400000000004;0.0388232;0.04981545061939301;0.004853418830034839;0.03317402473915901;0.000004649655603287058;0.0000019316033712794433;1.12276803163308e-7;0;0
378;0.0492706;0.010318879999999975;0.03849360000000002;0.04920607728417052;0.004725093070976499;0.03271112125217997;0.000004531128963026003;0.0000018835838080924627;1.1157075339641677e-7;0;0
379;0.04877140000000002;0.010153120000000015;0.037834400000000046;0.048597304939965835;0.004597273204117791;0.03224996944179598;0.000004430722575131375;0.0000018367293528303088;1.1095253527109923e-7;0;0
380;0.04793940000000002;0.00998736;0.037834400000000046;0.0480005743995469;0.004469877882280459;0.031790521971047606;0.000004333029267615641;0.000001791101905927845;1.1043071598935612e-7;0;0
381;0.04744019999999999;0.00998736;0.03734000000000004;0.04738999517263777;0.004342526031127819;0.031332904719107955;0.000004243198394729965;0.000001746626336923425;1.0999808788622428e-7;0;0
382;0.04644180000000003;0.009655840000000027;0.036845600000000034;0.04679260831575738;0.0042157034090118195;0.030876809606017474;0.000004155213725323333;0.000001703202824749728;1.096652936906089e-7;0;0
383;0.0459426;0.009655840000000027;0.03635120000000003;0.046178339466712646;0.004089360658830367;0.030422471826479273;0.000004069498294855677;0.0000016608075804356786;1.094028326399435e-7;0;0
384;0.04527700000000001;0.009324319999999997;0.035692;0.04557148426803496;0.003963803278710585;0.02996953263894228;0.000004001257601503602;0.0000016194236495195709;1.0923995952690186e-7;0;0
385;0.04494419999999999;0.009324319999999997;0.035362400000000016;0.0449657326355482;0.0038390103721844954;0.029518168041291017;0.0000039268403897009275;0.0000015790997453958228;1.0913731275487608e-7;0;0
386;0.043945800000000035;0.008992800000000023;0.034703200000000045;0.04438006389426988;0.0037151476619250124;0.029068241037321495;0.000003854790789366229;0.000001539899740759417;1.091239571735937e-7;0;0
387;0.04328019999999999;0.008992800000000023;0.034373600000000004;0.04377656794866608;0.003591698173764361;0.028620082191842464;0.0000037789395364367215;0.0000015017357038635818;1.0918023976144024e-7;0;0
388;0.04328019999999999;0.008827040000000008;0.03371440000000003;0.04317457642314466;0.0034692822291756283;0.02817339618874838;0.000003718548199799899;0.000001464495073357573;1.0931804078331888e-7;0;0
389;0.0426146;0.008661279999999993;0.03305520000000001;0.04260136720078036;0.0033481874319013973;0.027728254422207842;0.000003656315772132753;0.0000014283118990445338;1.095450820541976e-7;0;0
390;0.042115400000000025;0.00832976000000002;0.032396000000000036;0.04203214052775511;0.003227905930460093;0.027284936823497044;0.000003584923362230684;0.0000013932829627516006;1.0985597490550233e-7;0;0
391;0.04161619999999999;0.00799823999999999;0.032396000000000036;0.04146966414881809;0.0031095029880225983;0.026843223726812263;0.0000035199012621563467;0.0000013591399823970562;1.1025892545465605e-7;0;0
392;0.041117000000000015;0.007666720000000016;0.03190160000000003;0.04091376045692183;0.0029919118616189705;0.02640347660509041;0.000003467627153949171;0.0000013262787081510062;1.1071742778499608e-7;0;0
393;0.040118600000000004;0.007666720000000016;0.031572000000000044;0.04036278180190137;0.0028746077563107987;0.02596549985781589;0.000003413485616599031;0.0000012945238062138979;1.1127545293589464e-7;0;0
394;0.039453000000000016;0.007335199999999986;0.030912800000000018;0.039796975492386484;0.002758727186161207;0.025529513104217805;0.000003362534927995902;0.0000012636830936702481;1.119112194736639e-7;0;0
395;0.03895379999999998;0.007169440000000027;0.030583200000000033;0.03922996127815509;0.002644101039537629;0.025095266036757775;0.000003318858602954489;0.0000012338168455884534;1.1262701200904557e-7;0;0
396;0.038454600000000005;0.006837919999999997;0.029924000000000006;0.038668561706666105;0.00253062734787417;0.024662699231335832;0.0000032826590044984864;0.0000012049741683295312;1.1342853210616989e-7;0;0
397;0.038121799999999983;0.0066721599999999825;0.029429600000000056;0.038109652553476744;0.002418241792699903;0.024231860955443385;0.000003253182945148675;0.0000011770495747733777;1.1431327113030623e-7;0;0
398;0.037289799999999984;0.0066721599999999825;0.02877040000000003;0.03756655348637951;0.002307455480871354;0.02380272244700643;0.0000032099986351216335;0.0000011500705593711028;1.1528933538708739e-7;0;0
399;0.037289799999999984;0.0063406400000000085;0.028111200000000003;0.03701608539342071;0.0021980601816954113;0.023375433170663183;0.0000031717469719203766;0.000001124094893679323;1.163334345045601e-7;0;0
400;0.036624199999999996;0.006174879999999994;0.027781600000000017;0.03648686375747508;0.00209028508941684;0.02294989982228913;0.000003138624926855906;0.0000010991163581446646;1.1745256312800001e-7;0;0
401;0.03612500000000002;0.006009119999999979;0.027122400000000046;0.035957797897226834;0.0019839298211526534;0.02252635356267103;0.0000031023786246267977;0.0000010751207924494284;1.1865104649552027e-7;0;0
402;0.03545940000000003;0.00584336000000002;0.027122400000000046;0.03543089924377107;0.0018790667434753644;0.022104781931746368;0.0000030771623815372016;0.000001052085615695764;1.1992799973582897e-7;0;0
403;0.03512660000000001;0.005346079999999975;0.026792800000000006;0.034905523006483856;0.0017759295485513154;0.021685200882209973;0.0000030507527242502823;0.0000010299359168452342;1.212884915024996e-7;0;0
404;0.0341282;0.005180320000000016;0.02646320000000002;0.03438827848203501;0.001673800098604026;0.021267626026633638;0.0000030245822761930772;0.0000010088434776649097;1.2272924358720469e-7;0;0
405;0.03346260000000001;0.0048487999999999865;0.02563920000000003;0.033855957290381246;0.0015731269132472291;0.020852000463411634;0.000003005910259500427;9.886166703656038e-7;1.2425820059883364e-7;0;0
406;0.03296340000000003;0.004683040000000027;0.025144800000000023;0.033325020185135584;0.001473847732468128;0.020438180685854183;0.00000298307784484333;9.69291642620243e-7;1.2585812084449918e-7;0;0
407;0.0324642;0.004351519999999998;0.024980000000000002;0.032795203472704405;0.0013762277650560964;0.020026146013000068;0.0000029695320798859208;9.50781851971234e-7;1.2753228085818603e-7;0;0
408;0.03196500000000002;0.0040200000000000236;0.024485600000000052;0.032270599192698576;0.001279958149903035;0.01961588025514405;0.000002963701036127062;9.331784199877023e-7;1.2927794684683209e-7;0;0
409;0.03146579999999999;0.0040200000000000236;0.023826400000000025;0.03175000989747482;0.001185488613978307;0.01920746004618816;0.00000296230141770818;9.163993992016604e-7;1.3108981209230483e-7;0;0
410;0.03063379999999999;0.0040200000000000236;0.023661600000000005;0.03123282078295865;0.001092493102846426;0.018800869917150166;0.0000029520388488433697;9.005345637235861e-7;1.3297812017431247e-7;0;0
411;0.03063379999999999;0.003688479999999994;0.022837600000000013;0.030709595523668125;0.0010011321109436799;0.018396167020536047;0.0000029581592802760044;8.855037198650027e-7;1.349270012629341e-7;0;0
412;0.03013460000000001;0.00335696000000002;0.022508000000000028;0.03020732079815582;0.0009117098466661447;0.017993327183357017;0.0000029656802480194807;8.712647510816033e-7;1.3693919090287768e-7;0;0
413;0.029635400000000034;0.00335696000000002;0.022013600000000022;0.02970812370422467;0.0008236768765922936;0.017592286966841914;0.000002960584675387294;8.579429523613773e-7;1.3904619726064584e-7;0;0
414;0.0291362;0.0030254399999999904;0.022013600000000022;0.029210428168878262;0.000737488738061674;0.01719353549373321;0.000002971760665731166;8.453995767343338e-7;1.4119300292190647e-7;0;0
415;0.028637000000000024;0.0028596799999999756;0.021684000000000037;0.02871366810377806;0.0006528435507126234;0.016796738855171103;0.000002991561047228566;8.337086055158509e-7;1.434644097986106e-7;0;0
416;0.027805000000000024;0.0028596799999999756;0.02102480000000001;0.028223056988737352;0.0005695972724368927;0.016402066792764333;0.000003005299280416317;8.228424799406321e-7;1.4579946629820053e-7;0;0
417;0.027472200000000002;0.0023623999999999867;0.020695200000000025;0.027721773295622455;0.0004880674666842993;0.01600929312564988;0.000003023859554964587;8.127351501707347e-7;1.4823709452725043e-7;0;0
418;0.026806600000000014;0.0023623999999999867;0.020036000000000054;0.027230073790355438;0.00040810004857280246;0.015618460158404334;0.0000030524804533608764;8.033905559144959e-7;1.5073250047161271e-7;0;0
419;0.026640200000000003;0.0026939200000000163;0.019706400000000013;0.026735545755230447;0.0003298873153812578;0.015229599619980067;0.0000030843875870689998;7.948036658115529e-7;1.532978663192797e-7;0;0
420;0.026141000000000025;0.0021966400000000275;0.019212000000000007;0.0262550478851938;0.00025320928151832054;0.014842693426998977;0.000003123141995189088;7.869763553993619e-7;1.5595058438824885e-7;0;0
421;0.02547539999999998;0.0021966400000000275;0.01888240000000002;0.02577485630616083;0.00017847382255786601;0.014457864694403888;0.000003183574872665066;7.798867667964873e-7;1.5866811246151915e-7;0;0
422;0.02547539999999998;0.0023623999999999867;0.018717600000000056;0.025292033695218975;0.00010534797055590442;0.014075080109732659;0.000003240369994695143;7.735704460955311e-7;1.6146181767153843e-7;0;0
423;0.025142600000000015;0.0021966400000000275;0.01822320000000005;0.02482741938524584;0.00003391793214673749;0.013694474199937053;0.000003312044238823141;7.680124652462167e-7;1.6431710186757482e-7;0;0
424;0.024310600000000016;0.0021966400000000275;0.01789360000000001;0.02437134953683835;-0.000035888867295644834;0.01331587799292415;0.0000033757557885180852;7.63176594673461e-7;1.6727954301497383e-7;0;0
425;0.023811399999999983;0.0020308800000000127;0.01789360000000001;0.023909411000473186;-0.00010409396367008223;0.012939631899100365;0.000003431305698677316;7.590491217559739e-7;1.7029944468586995e-7;0;0
426;0.023478600000000016;0.0021966400000000275;0.017564000000000024;0.023443241078074935;-0.00017045582127493743;0.012565523359419135;0.0000035044241145983613;7.555932375580148e-7;1.7339853891060036e-7;0;0
427;0.023145799999999994;0.0020308800000000127;0.016740000000000033;0.022985664389048532;-0.00023507517463302837;0.012193594866825317;0.000003594010650156808;7.52852274958529e-7;1.765634410367108e-7;0;0
428;0.022646600000000017;0.0020308800000000127;0.016245600000000027;0.0225363601342612;-0.00029852018838164544;0.011824092892417846;0.000003693925364278773;7.508248500419554e-7;1.7980392753689897e-7;0;0
429;0.022313799999999995;0.0020308800000000127;0.01591600000000004;0.02209139963653869;-0.000359948014959886;0.011456575396793064;0.000003794382634778593;7.494435059098204e-7;1.8318487215129165e-7;0;0
430;0.021315399999999984;0.0020308800000000127;0.01575120000000002;0.0216531154966261;-0.000419485089754753;0.011091442225278204;0.0000038930827814122;7.48711546294445e-7;1.8660934629940932e-7;0;0
431;0.020649799999999996;0.001699359999999983;0.015256800000000015;0.021191773305551817;-0.0004777777748795528;0.010728579703837468;0.000004005663418788205;7.486796603336946e-7;1.9011833983527522e-7;0;0
432;0.020483399999999985;0.001699359999999983;0.01509200000000005;0.02072219479384214;-0.0005345226138743845;0.010367698648377797;0.0000041477735811908265;7.492950075988601e-7;1.937030825639132e-7;0;0
433;0.020483399999999985;0.0020308800000000127;0.014597600000000044;0.020268125676406727;-0.0005896122668478428;0.010008750040103768;0.000004304951791838506;7.505600699563484e-7;1.9735941449514513e-7;0;0
434;0.02015060000000002;0.0020308800000000127;0.014268000000000003;0.01983887575791526;-0.0006434517933608801;0.009652049378243656;0.000004456132369045675;7.524313174241571e-7;2.0108066539716374e-7;0;0
435;0.019651399999999986;0.001699359999999983;0.013773600000000052;0.019421371200061172;-0.0006948210051133992;0.009297559930407328;0.0000045931769029805395;7.548726056459085e-7;2.049146247650746e-7;0;0
436;0.019152200000000008;0.0020308800000000127;0.013773600000000052;0.0190041303633495;-0.0007448818866509057;0.008945647391332997;0.000004761966008102373;7.579982096726759e-7;2.08801021199181e-7;0;0
437;0.01865300000000003;0.001367840000000009;0.013608800000000032;0.018581477083024493;-0.0007932590522636906;0.008596218535370048;0.000004916043069185422;7.616919124183731e-7;2.1278519034215513e-7;0;0
438;0.01832020000000001;0.001699359999999983;0.013114400000000026;0.018159262868210856;-0.000840570782652247;0.008248920182997055;0.000005100309711696134;7.660366118339112e-7;2.1687793161963907e-7;0;0
439;0.01782100000000003;0.001699359999999983;0.012949600000000006;0.017744432287022518;-0.0008864401644077416;0.007903867189252175;0.000005273710974107013;7.70933459710748e-7;2.2101518924331323e-7;0;0
440;0.0173218;0.0020308800000000127;0.01262000000000002;0.01732688597225046;-0.000930393995484894;0.007561378911912768;0.00000547932359713849;7.763852752396979e-7;2.252063069156387e-7;0;0
441;0.017155399999999987;0.0020308800000000127;0.012290400000000035;0.016909937660559163;-0.000973301233402194;0.007221132454922472;0.000005668420991539917;7.824073103944504e-7;2.2953093245430386e-7;0;0
442;0.0164898;0.0020308800000000127;0.012125600000000014;0.01651450695019795;-0.0010142088195036565;0.006883431326791333;0.000005855157224955626;7.889872826779418e-7;2.3390748642190557e-7;0;0
443;0.016323399999999988;0.0020308800000000127;0.01196080000000005;0.016103112888001803;-0.001053651813711895;0.006547986601550343;0.000006035859716225174;7.961358076320296e-7;2.3843289553782263e-7;0;0
444;0.016323399999999988;0.0020308800000000127;0.011301600000000023;0.015710651288588433;-0.0010913509546725232;0.006214911198615035;0.0000062601319850293055;8.03820059305691e-7;2.4298627375176653e-7;0;0
445;0.01582420000000001;0.001367840000000009;0.011136800000000058;0.015358537767490726;-0.0011280178038432325;0.0058841471426538386;0.0000064508656251991;8.12092905966942e-7;2.4764472073287507e-7;0;0
446;0.015491399999999989;0.001367840000000009;0.010642400000000052;0.01499547212331587;-0.0011629993598120147;0.005556534871454218;0.00000666463967879567;8.208490206333217e-7;2.5236484416417316e-7;0;0
447;0.014659399999999989;0.001367840000000009;0.010642400000000052;0.014635143699040235;-0.0011969154345502467;0.0052317801778240395;0.000006888210759044874;8.301206081271819e-7;2.5721007785874977e-7;0;0
448;0.014659399999999989;0.001367840000000009;0.010642400000000052;0.014241078574699207;-0.0012295399781085004;0.004909742400747881;0.000007104822204946174;8.398573548548177e-7;2.621731154969635e-7;0;0
449;0.014160200000000012;0.001367840000000009;0.009983200000000025;0.013881249283658584;-0.001260941707296434;0.004590143120057348;0.00000734232247833839;8.500733629124871e-7;2.67227858234227e-7;0;0
450;0.01382739999999999;0.001699359999999983;0.009983200000000025;0.013515128083863485;-0.0012907402999230574;0.004273119166198798;0.000007538049022284407;8.607775440455466e-7;2.723996398306968e-7;0;0
451;0.013494600000000023;0.001367840000000009;0.00965360000000004;0.013146916666425755;-0.0013190252049898677;0.003958783205001061;0.000007871851370451023;8.7197172330283e-7;2.7761829756851807e-7;0;0
452;0.01299539999999999;0.001367840000000009;0.009324000000000054;0.01279774336946322;-0.0013458103392912397;0.0036467705816795298;0.00000805345023930849;8.836473138916369e-7;2.8299926516868006e-7;0;0
453;0.012662600000000024;0.001367840000000009;0.008994400000000013;0.012437223060182752;-0.0013716030173329308;0.003337485882017142;0.000008251814309007729;8.957898897748226e-7;2.883779831987735e-7;0;0
454;0.012329800000000002;0.001367840000000009;0.008829600000000049;0.012083866005000528;-0.001395967000321512;0.0030308669839430344;0.0000084890206080029;9.08372940566902e-7;2.9383072413507593e-7;0;0
455;0.012329800000000002;0.001367840000000009;0.008664800000000028;0.01173338000505264;-0.0014189857024005587;0.002726816795214001;0.000008739913038869974;9.2140254678605e-7;2.9942398494906e-7;0;0
456;0.011830600000000024;0.001367840000000009;0.008335200000000043;0.011424080370197383;-0.0014404217033664977;0.0024251530451922542;0.000008956167648299194;9.348616608019359e-7;3.0512500810702667e-7;0;0
457;0.011497800000000002;0.0012020799999999943;0.008005600000000057;0.011099438226476903;-0.0014611037479730375;0.0021267009686952664;0.000009185276116990328;9.487510231614188e-7;3.1084728558542084e-7;0;0
458;0.011331399999999991;0.001367840000000009;0.008005600000000057;0.010768079730658232;-0.001479822278776018;0.0018312688372773907;0.000009417791631681317;9.62971636944911e-7;3.1667966931506165e-7;0;0
459;0.010832200000000014;0.001367840000000009;0.008005600000000057;0.010470177340831612;-0.0014980281353574579;0.0015384408852276374;0.000009620411772568037;9.776881723599096e-7;3.2269857324186016e-7;0;0
460;0.010499399999999992;0.001367840000000009;0.007840800000000037;0.010148710976552794;-0.001515184345318425;0.0012485418525873802;0.000009839690788132617;9.927517149708148e-7;3.2878413464983015e-7;0;0
461;0.010332999999999981;0.0012020799999999943;0.007346400000000031;0.009828194862581414;-0.001530921387228531;0.0009610493364568465;0.000010184076698299183;0.0000010081859161492507;3.349480668688154e-7;0;0
462;0.010000200000000015;0.0010363199999999795;0.006852000000000025;0.009532068053157617;-0.0015454800695267217;0.0006764930665489287;0.00001038924419330267;0.00000102400712057057;3.4112716792221816e-7;0;0
463;0.009833800000000004;0.0012020799999999943;0.006852000000000025;0.00923165714664247;-0.0015587959329413845;0.0003947400413973114;0.000010629132270345916;0.0000010401852789362157;3.474367196944794e-7;0;0
464;0.009667399999999993;0.0012020799999999943;0.006687200000000004;0.00895758756314698;-0.0015709290724670326;0.00011578865885645505;0.000010871012755451163;0.0000010567216374178674;3.5381236818165424e-7;0;0
465;0.009667399999999993;0.0012020799999999943;0.006357600000000019;0.008690755522429148;-0.0015820235266815284;-0.00015956024562411143;0.000011060030489835624;0.0000010735938824742531;3.6025519209884467e-7;0;0
466;0.009001800000000004;0.0012020799999999943;0.006357600000000019;0.008476963124985916;-0.0015913789403051836;-0.00043144935571368516;0.00001125444781171272;0.0000010907460354759273;3.669200677324658e-7;0;0
467;0.009001800000000004;0.0012020799999999943;0.006028000000000033;0.00820174419103517;-0.0016007160615282023;-0.0006999309181583346;0.00001144749146421634;0.0000011082319221228575;3.7378433090567694e-7;0;0
468;0.008336200000000016;0.0012020799999999943;0.005698400000000048;0.00797764666964186;-0.0016091594038425416;-0.000965394417620894;0.000011675187893027755;0.0000011259956230034212;3.807265761839616e-7;0;0
469;0.008336200000000016;0.0012020799999999943;0.005698400000000048;0.007680984959808465;-0.001616182356879812;-0.0012275600084401337;0.000011973175943577723;0.0000011440082257308495;3.8778055161848115e-7;0;0
470;0.007670600000000027;0.0012020799999999943;0.005698400000000048;0.0074342542171310045;-0.0016226154671412957;-0.0014872181365006307;0.000012212543100703203;0.0000011623502288834109;3.949418729940516e-7;0;0
471;0.007504200000000016;0.0012020799999999943;0.005204000000000042;0.0071320787456333684;-0.001627717232663086;-0.0017440695205633641;0.000012422150005376045;0.0000011809365253506145;4.0215129158205956e-7;0;0
472;0.007504200000000016;0.0010363199999999795;0.0050392000000000214;0.006851110579543438;-0.0016324286931795266;-0.001998425451204492;0.000012654796974340473;0.000001199823324229224;4.0929398050851927e-7;0;0
473;0.0070049999999999835;0.0012020799999999943;0.0048744000000000565;0.006615947274181616;-0.0016351986246295996;-0.002250237218932196;0.000012806506123513733;0.0000012189301448652242;4.1656921886722007e-7;0;0
474;0.006838600000000028;0.0012020799999999943;0.004709600000000036;0.006344877417842101;-0.0016377802657287696;-0.0024992251337031313;0.000013010085102623168;0.0000012383733274947822;4.2388270698741657e-7;0;0
475;0.006672200000000017;0.0012020799999999943;0.004709600000000036;0.006106947373357921;-0.0016398833366538551;-0.002745088665269724;0.000013135204481797572;0.00000125802598823501;4.311326533173975e-7;0;0
476;0.006672200000000017;0.0012020799999999943;0.0040504000000000095;0.005860777815551921;-0.0016403741506751765;-0.0029882405238071397;0.000013347139051953724;0.0000012778841020052478;4.3867753124607863e-7;0;0
477;0.006006600000000029;0.0008705600000000202;0.0040504000000000095;0.005668441295926114;-0.0016394349950230452;-0.0032279923206315355;0.000013550037166467878;0.0000012979736669924584;4.462143231310225e-7;0;0
478;0.005840200000000018;0.0010363199999999795;0.003720800000000024;0.005404662346341673;-0.001638321157898895;-0.003465008685648551;0.000013780846038629648;0.0000013183209891474468;4.5406425136332943e-7;0;0
