time;v3;v4;v5
0.1;3000;376;40
0;3000;376;40
0.1;3008;376;40
0.2;3008;376;40
0.30000000000000004;3008;376;56
0.4;3008;376;56
0.5;3008;376;56
0.6;3008;376;56
0.7;3008;376;56
0.7999999999999999;3008;376;56
0.8999999999999999;3008;376;40
0.9999999999999999;3008;376;40
1.0999999999999999;3008;376;40
1.2;3008;376;56
1.3;3008;376;56
1.4000000000000001;3008;376;56
1.5000000000000002;3008;376;56
1.6000000000000003;3008;376;56
1.7000000000000004;3008;376;40
1.8000000000000005;3008;376;40
1.9000000000000006;3008;376;40
2.0000000000000004;3008;376;56
2.1000000000000005;3008;376;56
2.2000000000000006;3008;376;56
2.3000000000000007;3008;376;56
2.400000000000001;3000;376;56
2.500000000000001;3000;376;56
2.600000000000001;3000;376;40
2.700000000000001;3008;376;40
2.800000000000001;3008;376;40
2.9000000000000012;3008;376;56
3.0000000000000013;3008;376;56
3.1000000000000014;3008;376;56
3.2000000000000015;3008;376;40
3.3000000000000016;3008;376;40
3.4000000000000017;3000;376;40
3.5000000000000018;3000;376;56
3.600000000000002;3000;376;56
3.700000000000002;3008;376;56
3.800000000000002;3008;376;40
3.900000000000002;3008;376;40
4.000000000000002;3008;376;40
4.100000000000001;3008;376;40
4.200000000000001;3008;376;40
4.300000000000001;3008;376;40
4.4;3008;376;40
4.5;3008;376;40
4.6;3008;376;40
4.699999999999999;3008;376;40
4.799999999999999;3000;376;40
4.899999999999999;3000;376;40
4.999999999999998;3000;376;40
5.099999999999998;3008;376;40
5.1999999999999975;3008;376;56
5.299999999999997;3008;376;56
5.399999999999997;3008;376;56
5.4999999999999964;3008;376;40
5.599999999999996;3008;376;40
5.699999999999996;3008;376;40
5.799999999999995;3000;376;40
5.899999999999995;3000;376;40
5.999999999999995;3000;376;40
6.099999999999994;3008;376;40
6.199999999999994;3008;376;40
6.299999999999994;3008;376;40
6.399999999999993;3008;376;40
6.499999999999993;3008;376;40
6.5999999999999925;3008;376;40
6.699999999999992;3008;376;56
6.799999999999992;3008;376;56
6.8999999999999915;3008;376;56
6.999999999999991;3008;376;56
7.099999999999991;3008;376;56
7.19999999999999;3008;376;56
7.29999999999999;3008;376;56
7.39999999999999;3008;376;56
7.499999999999989;3008;376;56
7.599999999999989;3008;376;56
7.699999999999989;3008;376;56
7.799999999999988;3008;376;56
7.899999999999988;3008;376;56
7.999999999999988;3008;376;56
8.099999999999987;3008;376;56
8.199999999999987;3000;376;40
8.299999999999986;3000;376;40
8.399999999999986;3000;376;40
8.499999999999986;3008;376;56
8.599999999999985;3008;376;56
8.699999999999985;3008;376;56
8.799999999999985;3008;376;56
8.899999999999984;3008;376;56
8.999999999999984;3008;376;56
9.099999999999984;3008;376;56
9.199999999999983;3008;376;56
9.299999999999983;3008;376;56
9.399999999999983;3008;376;40
9.499999999999982;3008;376;40
9.599999999999982;3008;376;40
9.699999999999982;3008;376;40
9.799999999999981;3008;376;40
9.89999999999998;3008;376;40
9.99999999999998;3008;376;56
10.09999999999998;3008;376;56
10.19999999999998;3008;376;56
10.29999999999998;3008;376;40
10.399999999999979;3008;376;40
10.499999999999979;3008;376;40
10.599999999999978;3008;376;40
10.699999999999978;3008;376;40
10.799999999999978;3008;376;40
10.899999999999977;3008;376;40
10.999999999999977;3008;376;40
11.099999999999977;3008;376;40
11.199999999999976;3008;376;56
11.299999999999976;3008;376;56
11.399999999999975;3008;376;56
11.499999999999975;3008;376;40
11.599999999999975;3008;376;40
11.699999999999974;3000;376;40
11.799999999999974;3000;392;56
11.899999999999974;3008;392;56
11.999999999999973;3008;392;56
12.099999999999973;3008;376;40
12.199999999999973;3008;376;40
12.299999999999972;3008;376;40
12.399999999999972;3008;376;40
12.499999999999972;3000;376;40
12.599999999999971;3000;376;40
12.69999999999997;3000;376;56
12.79999999999997;3008;376;56
12.89999999999997;3008;376;56
12.99999999999997;3008;376;56
13.09999999999997;3112;376;56
13.199999999999969;3112;376;56
13.299999999999969;3480;376;56
13.399999999999968;3480;376;56
13.499999999999968;3480;376;56
13.599999999999968;3856;376;56
13.699999999999967;3856;376;56
13.799999999999967;3856;376;56
13.899999999999967;4232;376;56
13.999999999999966;4232;376;56
14.099999999999966;4504;376;56
14.199999999999966;4504;376;40
14.299999999999965;4504;376;40
14.399999999999965;4832;376;56
14.499999999999964;4832;376;56
14.599999999999964;4832;376;56
14.699999999999964;5144;376;56
14.799999999999963;5144;376;56
14.899999999999963;5144;376;56
14.999999999999963;5536;376;40
15.099999999999962;5536;376;40
15.199999999999962;5920;376;40
15.299999999999962;5920;376;56
15.399999999999961;5920;376;56
15.499999999999961;6320;376;56
15.59999999999996;6320;376;56
15.69999999999996;6320;376;56
15.79999999999996;6616;376;56
15.89999999999996;6616;376;56
15.99999999999996;6616;376;56
16.09999999999996;7040;376;56
16.19999999999996;7040;376;56
16.29999999999996;7448;376;56
16.399999999999963;7448;392;56
16.499999999999964;7448;392;56
16.599999999999966;7856;392;56
16.699999999999967;7856;376;56
16.79999999999997;7856;376;56
16.89999999999997;8272;376;56
16.99999999999997;8272;376;40
17.099999999999973;8568;376;40
17.199999999999974;8568;376;40
17.299999999999976;8568;376;56
17.399999999999977;9000;376;56
17.49999999999998;9000;376;56
17.59999999999998;9000;376;56
17.69999999999998;9368;376;56
17.799999999999983;9368;376;56
17.899999999999984;9368;376;56
17.999999999999986;9784;376;56
18.099999999999987;9784;376;56
18.19999999999999;9784;376;56
18.29999999999999;10160;376;56
18.39999999999999;10160;392;56
18.499999999999993;10160;392;56
18.599999999999994;10576;392;56
18.699999999999996;10576;376;56
18.799999999999997;10864;376;56
18.9;10864;376;56
19;10864;376;56
19.1;11208;376;56
19.200000000000003;11208;376;56
19.300000000000004;11208;376;56
19.400000000000006;11616;376;56
19.500000000000007;11616;376;56
19.60000000000001;11616;376;56
19.70000000000001;11992;376;56
19.80000000000001;11992;376;56
19.900000000000013;11992;376;40
20.000000000000014;12432;376;40
20.100000000000016;12432;376;40
20.200000000000017;12824;376;56
20.30000000000002;12824;376;56
20.40000000000002;12824;376;56
20.50000000000002;13128;376;40
20.600000000000023;13128;376;40
20.700000000000024;13128;376;40
20.800000000000026;13528;376;40
20.900000000000027;13528;392;40
21.00000000000003;13528;392;40
21.10000000000003;13904;392;56
21.20000000000003;13904;376;56
21.300000000000033;14288;376;56
21.400000000000034;14288;376;40
21.500000000000036;14288;376;40
21.600000000000037;14352;376;40
21.70000000000004;14352;376;56
21.80000000000004;14352;376;56
21.90000000000004;14352;376;56
22.000000000000043;14352;376;56
22.100000000000044;14352;376;56
22.200000000000045;14352;376;56
22.300000000000047;14352;376;56
22.40000000000005;14344;376;56
22.50000000000005;14344;376;56
22.60000000000005;14344;376;56
22.700000000000053;14336;376;56
22.800000000000054;14336;376;56
22.900000000000055;14336;376;56
23.000000000000057;14336;376;56
23.10000000000006;14336;376;40
23.20000000000006;14336;376;40
23.30000000000006;14344;376;56
23.400000000000063;14344;376;56
23.500000000000064;14344;376;56
23.600000000000065;14344;376;56
23.700000000000067;14344;376;56
23.800000000000068;14360;376;56
23.90000000000007;14360;376;56
24.00000000000007;14344;376;40
24.100000000000072;14344;376;40
24.200000000000074;14344;376;40
24.300000000000075;14344;376;40
24.400000000000077;14344;376;40
24.500000000000078;14344;376;40
24.60000000000008;14352;376;40
24.70000000000008;14352;376;40
24.800000000000082;14352;376;56
24.900000000000084;14344;376;56
25.000000000000085;14344;376;56
25.100000000000087;14344;376;56
25.200000000000088;14344;376;56
25.30000000000009;14344;376;56
25.40000000000009;14336;376;56
25.500000000000092;14336;376;40
25.600000000000094;14336;376;40
25.700000000000095;14344;376;56
25.800000000000097;14344;376;56
25.900000000000098;14352;376;56
26.0000000000001;14352;376;40
26.1000000000001;14352;376;40
26.200000000000102;14352;376;56
26.300000000000104;14344;376;56
26.400000000000105;14344;376;56
26.500000000000107;14344;376;40
26.600000000000108;14352;376;40
26.70000000000011;14352;376;40
26.80000000000011;14352;376;56
26.900000000000112;14352;376;56
27.000000000000114;14352;376;56
27.100000000000115;14344;376;56
27.200000000000117;14344;376;56
27.300000000000118;14344;376;56
27.40000000000012;14344;376;40
27.50000000000012;14344;376;40
27.600000000000122;14344;376;56
27.700000000000124;14352;376;56
27.800000000000125;14352;376;56
27.900000000000126;14360;376;56
28.000000000000128;14360;376;40
28.10000000000013;14360;392;40
28.20000000000013;14352;392;56
28.300000000000132;14352;376;56
28.400000000000134;14352;376;56
28.500000000000135;14344;376;56
28.600000000000136;14344;376;56
28.700000000000138;14336;376;56
28.80000000000014;14336;376;56
28.90000000000014;14336;376;56
29.000000000000142;14336;376;56
29.100000000000144;14336;376;56
29.200000000000145;14336;376;40
29.300000000000146;14352;376;40
29.400000000000148;14352;376;40
29.50000000000015;14360;376;40
29.60000000000015;14360;376;40
29.700000000000152;14360;376;40
29.800000000000153;14352;376;40
29.900000000000155;14352;376;40
30.000000000000156;14352;376;56
30.100000000000158;14352;376;56
30.20000000000016;14352;376;56
30.30000000000016;14352;376;40
30.400000000000162;14352;376;40
30.500000000000163;14352;376;40
30.600000000000165;14344;376;40
30.700000000000166;14344;376;56
30.800000000000168;14344;376;56
30.90000000000017;14344;376;56
31.00000000000017;14344;376;56
31.100000000000172;14344;376;56
31.200000000000173;14360;376;40
31.300000000000175;14360;376;40
31.400000000000176;14336;376;40
31.500000000000178;14336;376;40
31.60000000000018;14336;376;40
31.70000000000018;14344;376;40
31.800000000000182;14344;376;56
31.900000000000183;14344;376;56
32.000000000000185;14344;376;56
32.100000000000186;14344;376;56
32.20000000000019;14352;376;56
32.30000000000019;14352;376;56
32.40000000000019;14352;376;40
32.50000000000019;14344;376;40
32.60000000000019;14344;376;56
32.700000000000195;14352;376;56
32.800000000000196;14352;376;56
32.9000000000002;14352;376;40
33.0000000000002;14352;376;40
33.1000000000002;14352;376;40
33.2000000000002;14344;376;40
33.3000000000002;14344;376;40
33.400000000000205;14344;376;40
33.500000000000206;14360;376;40
33.60000000000021;14360;376;40
33.70000000000021;14360;376;40
33.80000000000021;14360;376;40
33.90000000000021;14360;376;40
34.00000000000021;14360;376;40
34.100000000000215;14352;376;40
34.200000000000216;14352;376;40
34.30000000000022;14352;376;40
34.40000000000022;14344;376;40
34.50000000000022;14344;376;40
34.60000000000022;14344;376;40
34.70000000000022;14336;376;56
34.800000000000225;14336;376;56
34.900000000000226;14336;376;56
35.00000000000023;14336;376;40
35.10000000000023;14336;376;40
35.20000000000023;14336;376;40
35.30000000000023;14352;376;56
35.40000000000023;14352;384;56
35.500000000000234;14352;384;56
35.600000000000236;14336;384;56
35.70000000000024;14336;376;56
35.80000000000024;14344;376;56
35.90000000000024;14344;392;56
36.00000000000024;14344;392;56
36.10000000000024;14352;392;56
36.200000000000244;14352;376;40
36.300000000000246;14336;376;40
36.40000000000025;14336;376;40
36.50000000000025;14336;376;56
36.60000000000025;14352;376;56
36.70000000000025;14352;376;56
36.80000000000025;14352;376;56
36.900000000000254;14336;376;56
37.000000000000256;14336;376;56
37.10000000000026;14336;376;56
37.20000000000026;14352;376;56
37.30000000000026;14352;376;56
37.40000000000026;14352;376;40
37.50000000000026;14344;376;40
37.600000000000264;14344;376;40
37.700000000000266;14344;376;40
37.80000000000027;14352;376;40
37.90000000000027;14352;376;40
38.00000000000027;14352;376;40
38.10000000000027;14352;376;40
38.20000000000027;14352;376;40
38.300000000000274;14344;376;40
38.400000000000276;14344;376;40
38.50000000000028;14344;376;40
38.60000000000028;14344;376;56
38.70000000000028;14344;376;56
38.80000000000028;14352;376;56
38.90000000000028;14352;376;40
39.000000000000284;14344;376;40
39.100000000000286;14344;392;40
39.20000000000029;14344;392;56
39.30000000000029;14344;376;56
39.40000000000029;14360;376;56
39.50000000000029;14360;376;56
39.60000000000029;14360;376;56
39.700000000000294;14344;376;56
39.800000000000296;14344;376;56
39.9000000000003;14344;376;56
40.0000000000003;14344;376;56
40.1000000000003;14344;376;40
40.2000000000003;14344;376;40
40.3000000000003;14352;376;40
40.400000000000304;14352;376;40
40.500000000000306;14352;376;40
40.60000000000031;14344;392;40
40.70000000000031;14344;392;40
40.80000000000031;14344;392;40
40.90000000000031;14344;376;40
41.00000000000031;14344;376;40
41.100000000000314;14344;376;40
41.200000000000315;14344;376;40
41.30000000000032;14344;376;56
41.40000000000032;14344;376;56
41.50000000000032;14344;376;56
41.60000000000032;14344;376;56
41.70000000000032;14144;376;56
41.800000000000324;14144;376;56
41.900000000000325;14144;376;56
42.00000000000033;13760;376;56
42.10000000000033;13760;376;56
42.20000000000033;13760;376;40
42.30000000000033;13368;376;40
42.40000000000033;13368;376;56
42.500000000000334;13368;376;56
42.600000000000335;12984;392;56
42.70000000000034;12984;392;40
42.80000000000034;12984;392;40
42.90000000000034;12600;376;40
43.00000000000034;12600;376;40
43.10000000000034;12600;376;40
43.200000000000344;12192;376;40
43.300000000000345;12192;376;40
43.40000000000035;12192;376;40
43.50000000000035;11800;376;40
43.60000000000035;11800;376;56
43.70000000000035;11424;376;56
43.80000000000035;11424;376;56
43.900000000000354;11424;376;56
44.000000000000355;11128;376;56
44.10000000000036;11128;376;40
44.20000000000036;10768;376;40
44.30000000000036;10768;376;40
44.40000000000036;10768;376;56
44.50000000000036;10400;376;56
44.600000000000364;10400;376;56
44.700000000000365;10400;376;40
44.80000000000037;10088;376;40
44.90000000000037;10088;376;40
45.00000000000037;10088;376;40
45.10000000000037;9704;376;40
45.20000000000037;9704;376;40
45.300000000000374;9320;376;56
45.400000000000375;9320;376;56
45.50000000000038;9320;376;56
45.60000000000038;9040;376;40
45.70000000000038;9040;376;40
45.80000000000038;8632;376;40
45.90000000000038;8632;376;56
46.000000000000384;8632;376;56
46.100000000000385;8200;376;56
46.20000000000039;8200;376;40
46.30000000000039;7880;376;40
46.40000000000039;7880;376;40
46.50000000000039;7880;376;40
46.60000000000039;7472;376;40
46.700000000000394;7472;376;40
46.800000000000395;7160;376;40
46.9000000000004;7160;376;40
47.0000000000004;7160;376;56
47.1000000000004;6752;376;56
47.2000000000004;6752;376;56
47.3000000000004;6440;376;56
47.400000000000404;6440;392;40
47.500000000000405;6440;392;40
47.600000000000406;6016;392;40
47.70000000000041;6016;376;56
47.80000000000041;6016;376;56
47.90000000000041;5616;376;56
48.00000000000041;5616;376;56
48.10000000000041;5616;376;56
48.200000000000415;5224;376;40
48.300000000000416;5224;376;40
48.40000000000042;4936;376;40
48.50000000000042;4936;376;40
48.60000000000042;4936;376;40
48.70000000000042;4536;376;40
48.80000000000042;4536;376;40
48.900000000000425;4536;376;40
49.000000000000426;4168;376;40
49.10000000000043;4168;376;56
49.20000000000043;4168;376;56
49.30000000000043;3792;376;56
49.40000000000043;3792;376;56
49.50000000000043;3504;376;56
49.600000000000435;3504;376;56
49.700000000000436;3504;376;56
49.80000000000044;3112;376;56
49.90000000000044;3112;376;56
50.00000000000044;3112;376;40
50.10000000000044;2992;376;40
50.20000000000044;2992;376;40
50.300000000000445;2992;376;40
50.400000000000446;3000;376;40
50.50000000000045;3000;376;40
50.60000000000045;3000;376;40
50.70000000000045;3000;376;40
50.80000000000045;3000;376;40
50.90000000000045;3000;376;56
51.000000000000455;3000;376;56
51.100000000000456;3000;376;56
51.20000000000046;3000;376;40
51.30000000000046;3000;376;40
51.40000000000046;3000;376;56
51.50000000000046;3000;376;56
51.60000000000046;3000;376;56
51.700000000000465;3000;376;40
51.800000000000466;3000;376;40
51.90000000000047;3000;376;40
52.00000000000047;3000;376;40
52.10000000000047;3000;376;40
52.20000000000047;3000;376;40
52.30000000000047;3000;376;40
52.400000000000475;3000;376;40
52.500000000000476;3000;376;40
52.60000000000048;3000;376;56
52.70000000000048;3000;376;56
52.80000000000048;3000;376;56
52.90000000000048;3000;376;40
53.00000000000048;2992;376;40
53.100000000000485;2992;376;40
53.200000000000486;3000;376;56
53.30000000000049;3000;376;56
53.40000000000049;3000;376;56
53.50000000000049;3000;376;56
53.60000000000049;3000;376;56
53.70000000000049;2992;376;56
53.800000000000495;2992;376;56
53.900000000000496;2992;376;56
54.0000000000005;3000;376;56
54.1000000000005;3000;376;56
54.2000000000005;3000;376;56
54.3000000000005;3000;376;56
54.4000000000005;3000;376;40
54.500000000000504;3000;376;40
54.600000000000506;2992;376;40
54.70000000000051;2992;376;40
54.80000000000051;2992;376;40
54.90000000000051;3000;376;56
55.00000000000051;3000;376;56
55.10000000000051;3000;376;56
55.200000000000514;3000;376;56
55.300000000000516;3000;376;56
55.40000000000052;3000;376;56
55.50000000000052;3000;376;56
55.60000000000052;2992;376;56
55.70000000000052;2992;376;40
55.80000000000052;2992;376;40
55.900000000000524;3000;376;40
56.000000000000526;3000;376;56
56.10000000000053;3000;376;56
56.20000000000053;3000;376;56
56.30000000000053;3000;376;40
56.40000000000053;3000;376;40
56.50000000000053;3000;376;40
56.600000000000534;3000;376;56
56.700000000000536;3000;376;56
56.80000000000054;3000;376;56
56.90000000000054;3000;376;56
57.00000000000054;3000;376;56
57.10000000000054;3000;376;56
57.20000000000054;3000;376;40
57.300000000000544;3000;440;40
57.400000000000546;3000;440;40
57.50000000000055;3000;648;56
57.60000000000055;3000;648;56
57.70000000000055;3000;648;56
57.80000000000055;3000;992;56
57.90000000000055;3000;992;56
58.000000000000554;2992;992;56
58.100000000000556;2992;1376;40
58.20000000000056;2992;1376;40
58.30000000000056;2992;1376;40
58.40000000000056;3000;1752;40
58.50000000000056;3000;1752;40
58.60000000000056;3000;1752;40
58.700000000000564;3000;2064;56
58.800000000000566;3000;2064;56
58.90000000000057;3000;2424;56
59.00000000000057;3000;2424;56
59.10000000000057;3000;2424;56
59.20000000000057;3000;2672;56
59.30000000000057;3000;2672;40
59.400000000000574;3000;2672;40
59.500000000000576;3000;3056;40
59.60000000000058;3000;3056;40
59.70000000000058;3000;3056;40
59.80000000000058;3000;3424;40
59.90000000000058;3000;3424;56
60.00000000000058;3000;3784;56
60.100000000000584;3000;3784;56
60.200000000000585;3000;3784;40
60.30000000000059;3000;4136;40
60.40000000000059;3000;4136;40
60.50000000000059;3000;4136;56
60.60000000000059;3000;4432;56
60.70000000000059;3000;4432;56
60.800000000000594;3000;4808;40
60.900000000000595;3000;4808;40
61.0000000000006;3000;4808;40
61.1000000000006;3000;5176;56
61.2000000000006;3000;5176;56
61.3000000000006;3000;5496;56
61.4000000000006;3000;5496;56
61.500000000000604;3000;5496;56
61.600000000000605;3000;5856;56
61.70000000000061;3000;5856;40
61.80000000000061;3000;5856;40
61.90000000000061;3000;6248;40
62.00000000000061;3000;6248;56
62.10000000000061;3000;6248;56
62.200000000000614;3000;6608;56
62.300000000000615;2992;6608;40
62.40000000000062;2992;6888;40
62.50000000000062;2992;6888;40
62.60000000000062;3000;6888;56
62.70000000000062;3000;7320;56
62.80000000000062;3000;7320;56
62.900000000000624;3000;7320;40
63.000000000000625;3000;7752;40
63.10000000000063;3000;7752;40
63.20000000000063;3000;7752;56
63.30000000000063;3000;8168;56
63.40000000000063;3000;8168;56
63.50000000000063;3000;8168;56
63.600000000000634;3000;8608;56
63.700000000000635;3000;8608;56
63.80000000000064;3000;8608;56
63.90000000000064;3000;9032;56
64.00000000000064;3000;9032;56
64.10000000000063;3000;9328;40
64.20000000000063;3000;9328;40
64.30000000000062;3008;9328;40
64.40000000000062;3008;9768;56
64.50000000000061;3008;9768;56
64.6000000000006;3000;9768;56
64.7000000000006;3000;10168;56
64.8000000000006;3000;10168;56
64.90000000000059;3000;10168;40
65.00000000000058;3000;10520;40
65.10000000000058;3000;10520;40
65.20000000000057;3000;10752;40
65.30000000000057;3000;10752;40
65.40000000000056;3000;10752;40
65.50000000000055;3000;10752;40
65.60000000000055;3000;10752;40
65.70000000000054;3000;10776;40
65.80000000000054;3000;10776;40
65.90000000000053;3000;10776;40
66.00000000000053;3000;10768;40
66.10000000000052;3000;10768;40
66.20000000000051;3000;10768;40
66.30000000000051;3000;10752;40
66.4000000000005;3000;10752;40
66.5000000000005;3000;10768;40
66.60000000000049;3000;10768;40
66.70000000000049;3000;10768;40
66.80000000000048;3000;10768;56
66.90000000000047;3000;10768;56
67.00000000000047;3000;10768;56
67.10000000000046;3000;10768;56
67.20000000000046;3000;10752;56
67.30000000000045;3000;10752;56
67.40000000000045;3000;10776;56
67.50000000000044;3000;10776;56
67.60000000000043;3000;10776;56
67.70000000000043;3000;10752;40
67.80000000000042;3000;10752;40
67.90000000000042;3000;10752;40
68.00000000000041;3000;10768;40
68.1000000000004;3000;10768;40
68.2000000000004;2992;10768;40
68.3000000000004;2992;10768;56
68.40000000000039;2992;10768;56
68.50000000000038;3000;10768;56
68.60000000000038;3000;10776;40
68.70000000000037;3000;10776;40
68.80000000000037;3000;10776;40
68.90000000000036;3000;10768;40
69.00000000000036;3000;10768;40
69.10000000000035;3000;10768;40
69.20000000000034;3000;10768;56
69.30000000000034;3000;10768;56
69.40000000000033;3000;10768;56
69.50000000000033;3000;10752;40
69.60000000000032;3000;10752;40
69.70000000000032;3000;10752;40
69.80000000000031;3000;10768;40
69.9000000000003;3000;10768;40
70.0000000000003;3000;10768;40
70.10000000000029;3000;10768;40
70.20000000000029;3000;10768;40
70.30000000000028;3000;10768;40
70.40000000000028;3000;10768;40
70.50000000000027;3000;10768;40
70.60000000000026;3000;10768;56
70.70000000000026;3000;10768;56
70.80000000000025;3000;10768;56
70.90000000000025;3000;10752;56
71.00000000000024;3000;10752;56
71.10000000000024;3000;10752;56
71.20000000000023;3000;10752;40
71.30000000000022;3000;10752;40
71.40000000000022;3000;10752;40
71.50000000000021;3000;10768;72
71.60000000000021;3000;10768;72
71.7000000000002;3000;10768;56
71.8000000000002;3000;10752;56
71.90000000000019;3000;10752;56
72.00000000000018;3000;10752;40
72.10000000000018;3000;10752;40
72.20000000000017;3000;10752;40
72.30000000000017;3000;10752;40
72.40000000000016;3000;10776;40
72.50000000000016;3000;10776;40
72.60000000000015;3000;10776;40
72.70000000000014;3000;10768;40
72.80000000000014;3000;10768;40
72.90000000000013;3000;10768;40
73.00000000000013;3000;10768;40
73.10000000000012;3000;10768;40
73.20000000000012;3000;10768;40
73.30000000000011;3000;10776;40
73.4000000000001;3000;10776;40
73.5000000000001;3000;10776;40
73.6000000000001;3000;10752;40
73.70000000000009;3000;10752;40
73.80000000000008;3000;10752;40
73.90000000000008;3000;10768;40
74.00000000000007;3000;10768;40
74.10000000000007;3000;10768;40
74.20000000000006;3000;10768;40
74.30000000000005;3000;10768;40
74.40000000000005;3000;10768;40
74.50000000000004;3000;10768;56
74.60000000000004;3000;10768;56
74.70000000000003;3008;10768;56
74.80000000000003;3008;10768;56
74.90000000000002;3000;10768;40
75.00000000000001;3000;10768;40
75.10000000000001;3000;10768;56
75.2;2992;10768;56
75.3;2992;10768;56
75.39999999999999;2992;10752;40
75.49999999999999;3000;10752;40
75.59999999999998;3000;10752;40
75.69999999999997;3000;10768;56
75.79999999999997;3000;10768;56
75.89999999999996;3000;10752;56
75.99999999999996;3000;10752;40
76.09999999999995;3000;10752;40
76.19999999999995;3000;10752;40
76.29999999999994;3000;10752;40
76.39999999999993;3000;10752;56
76.49999999999993;3000;10752;56
76.59999999999992;3000;10752;56
76.69999999999992;3000;10752;56
76.79999999999991;3000;10768;56
76.8999999999999;3000;10768;40
76.9999999999999;3000;10752;40
77.0999999999999;3000;10752;40
77.19999999999989;3000;10752;40
77.29999999999988;3000;10752;40
77.39999999999988;3000;10752;40
77.49999999999987;3000;10752;40
77.59999999999987;3000;10752;40
77.69999999999986;3000;10768;56
77.79999999999986;3000;10768;56
77.89999999999985;3000;10776;56
77.99999999999984;3000;10776;40
78.09999999999984;3000;10776;40
78.19999999999983;3000;10776;40
78.29999999999983;3000;10776;40
78.39999999999982;3000;10776;56
78.49999999999982;3000;10768;56
78.59999999999981;3008;10768;56
78.6999999999998;3008;10752;56
78.7999999999998;3008;10752;56
78.89999999999979;3008;10752;56
78.99999999999979;3008;10752;56
79.09999999999978;3008;10752;56
79.19999999999978;3000;10752;56
79.29999999999977;3000;10768;56
79.39999999999976;3000;10768;56
79.49999999999976;3000;10768;56
79.59999999999975;3000;10592;56
79.69999999999975;3000;10592;56
79.79999999999974;3000;10424;56
79.89999999999974;3000;10424;56
79.99999999999973;3000;10424;56
80.09999999999972;3000;10024;56
80.19999999999972;3000;10024;56
80.29999999999971;3000;10024;56
80.39999999999971;3000;9624;56
80.4999999999997;3000;9624;40
80.5999999999997;3000;9624;40
80.69999999999969;3000;9200;40
80.79999999999968;3000;9200;56
80.89999999999968;3000;9200;56
80.99999999999967;3000;8808;56
81.09999999999967;3000;8808;56
81.19999999999966;3000;8808;56
81.29999999999966;3000;8392;56
81.39999999999965;3000;8392;40
81.49999999999964;3000;8392;40
81.59999999999964;3000;7960;40
81.69999999999963;3000;7960;40
81.79999999999963;3000;7960;40
81.89999999999962;3000;7544;56
81.99999999999962;3000;7544;56
82.09999999999961;3000;7544;56
82.1999999999996;3000;7096;40
82.2999999999996;3000;7096;40
82.3999999999996;3000;7096;40
82.49999999999959;3000;6688;56
82.59999999999958;3000;6688;56
82.69999999999958;3000;6688;56
82.79999999999957;3000;6304;56
82.89999999999957;3000;6304;56
82.99999999999956;3008;6304;56
83.09999999999955;3008;5904;56
83.19999999999955;3008;5904;56
83.29999999999954;3000;5904;56
83.39999999999954;3000;5488;40
83.49999999999953;3000;5488;40
83.59999999999953;3000;5488;40
83.69999999999952;3000;5136;40
83.79999999999951;3000;5136;40
83.89999999999951;3000;4832;40
83.9999999999995;3000;4832;56
84.0999999999995;3000;4832;56
84.19999999999949;3000;4440;56
84.29999999999949;3000;4440;56
84.39999999999948;3000;4440;56
84.49999999999947;3000;4072;56
84.59999999999947;3008;4072;40
84.69999999999946;3008;4072;40
84.79999999999946;3008;3704;40
84.89999999999945;3000;3704;40
84.99999999999945;3000;3704;40
85.09999999999944;3000;3320;40
85.19999999999943;3000;3320;40
85.29999999999943;3000;3048;40
85.39999999999942;3000;3048;40
85.49999999999942;3000;3048;56
85.59999999999941;3000;2704;56
85.6999999999994;3000;2704;56
85.7999999999994;3000;2704;56
85.8999999999994;3000;2288;56
85.99999999999939;3000;2288;56
86.09999999999938;3000;2288;40
86.19999999999938;3000;1976;40
86.29999999999937;3000;1976;56
86.39999999999937;3000;1664;56
86.49999999999936;3000;1664;56
86.59999999999935;3000;1664;56
86.69999999999935;3000;1312;56
86.79999999999934;3000;1312;56
86.89999999999934;3000;1312;56
86.99999999999933;3000;896;56
87.09999999999933;3000;896;56
87.19999999999932;3000;896;40
87.29999999999932;3000;504;40
87.39999999999931;3000;504;40
87.4999999999993;3000;504;40
87.5999999999993;3000;360;40
87.69999999999929;2992;360;40
87.79999999999929;2992;360;56
87.89999999999928;2992;360;56
87.99999999999928;3000;360;56
88.09999999999927;3000;360;56
88.19999999999926;3000;360;56
88.29999999999926;3000;360;56
88.39999999999925;3000;360;56
88.49999999999925;3000;360;56
88.59999999999924;3000;360;40
88.69999999999924;3000;360;40
88.79999999999923;3000;360;40
88.89999999999922;3000;360;56
88.99999999999922;3000;360;56
89.09999999999921;2992;360;56
89.1999999999992;2992;360;40
89.2999999999992;2992;360;40
89.3999999999992;3000;360;40
89.49999999999919;3000;360;40
89.59999999999918;3000;360;40
89.69999999999918;3000;360;56
89.79999999999917;3000;360;56
89.89999999999917;3000;360;56
89.99999999999916;3000;360;56
90.09999999999916;3000;360;56
90.19999999999915;3000;360;56
90.29999999999914;3000;360;56
90.39999999999914;3000;360;56
90.49999999999913;3000;360;56
90.59999999999913;3000;360;40
90.69999999999912;3000;360;40
90.79999999999912;3000;360;40
90.89999999999911;3000;360;56
90.9999999999991;3000;360;56
91.0999999999991;3000;360;56
91.1999999999991;3000;360;56
91.29999999999909;3000;360;56
91.39999999999908;3000;360;56
91.49999999999908;3000;360;40
91.59999999999907;3000;360;40
91.69999999999906;2992;360;40
91.79999999999906;3000;360;40
91.89999999999905;3000;360;40
91.99999999999905;3000;360;40
92.09999999999904;2992;360;56
92.19999999999904;2992;360;56
92.29999999999903;2992;360;56
92.39999999999903;3000;360;56
92.49999999999902;3000;360;56
92.59999999999901;3000;360;56
92.69999999999901;3000;360;56
92.799999999999;3000;360;56
92.899999999999;2992;360;56
92.99999999999899;2992;360;40
93.09999999999899;2992;360;40
93.19999999999898;3000;360;40
93.29999999999897;3000;360;56
93.39999999999897;3000;360;56
93.49999999999896;3008;360;56
93.59999999999896;3008;360;40
93.69999999999895;3008;360;40
93.79999999999895;3000;360;40
93.89999999999894;3000;360;40
93.99999999999893;3000;360;40
94.09999999999893;3000;360;56
94.19999999999892;3000;360;56
94.29999999999892;3000;360;56
94.39999999999891;3000;360;56
94.4999999999989;3000;360;56
94.5999999999989;3000;360;56
94.6999999999989;3000;360;56
94.79999999999889;3000;360;56
94.89999999999888;3000;360;56
94.99999999999888;3000;360;40
95.09999999999887;3000;360;40
95.19999999999887;2992;360;40
95.29999999999886;2992;360;56
95.39999999999885;2992;360;56
95.49999999999885;3000;360;56
95.59999999999884;3000;360;40
95.69999999999884;3000;360;40
95.79999999999883;3000;360;40
95.89999999999883;3000;360;40
95.99999999999882;3000;360;40
96.09999999999881;3000;360;40
96.19999999999881;3000;360;40
96.2999999999988;3000;360;40
96.3999999999988;3000;360;40
96.49999999999879;3000;360;40
96.59999999999879;3000;360;40
96.69999999999878;3000;360;40
96.79999999999878;3000;360;40
96.89999999999877;3000;360;40
96.99999999999876;3000;360;40
97.09999999999876;3000;360;40
97.19999999999875;3000;360;40
97.29999999999875;2992;360;56
97.39999999999874;2992;360;56
97.49999999999874;3000;360;56
97.59999999999873;3000;360;56
97.69999999999872;3000;360;56
97.79999999999872;3000;360;40
97.89999999999871;3000;360;40
97.9999999999987;3000;360;40
98.0999999999987;3000;360;40
98.1999999999987;3000;360;40
98.29999999999869;3000;360;40
98.39999999999868;3000;360;40
98.49999999999868;3000;360;40
98.59999999999867;3000;360;40
98.69999999999867;3000;360;40
98.79999999999866;2992;360;40
98.89999999999866;3000;360;40
98.99999999999865;3000;352;40
99.09999999999864;3000;352;40
99.19999999999864;3000;352;40
99.29999999999863;3000;360;56
99.39999999999863;2992;360;56
99.49999999999862;2992;360;56
99.59999999999862;2992;360;40
99.69999999999861;3000;360;40
99.7999999999986;3000;360;56
99.8999999999986;3000;360;56
99.9999999999986;3000;360;56
100.09999999999859;3000;360;40
100.19999999999858;3000;360;40
100.29999999999858;3000;360;40
100.39999999999857;3000;360;40
100.49999999999856;3000;360;40
100.59999999999856;3000;360;40
100.69999999999855;3000;360;56
100.79999999999855;3000;360;56
100.89999999999854;3000;360;56
100.99999999999854;3000;360;40
101.09999999999853;3000;352;40
101.19999999999852;2992;352;40
101.29999999999852;2992;360;40
101.39999999999851;2992;360;40
101.49999999999851;3000;360;40
101.5999999999985;3000;360;40
101.6999999999985;3008;360;40
101.79999999999849;3008;360;40
101.89999999999849;3008;360;120
101.99999999999848;3000;360;120
102.09999999999847;3000;360;120
102.19999999999847;3000;360;328
102.29999999999846;3000;360;328
102.39999999999846;3000;360;328
102.49999999999845;3000;360;696
102.59999999999845;3000;360;696
102.69999999999844;3000;360;696
102.79999999999843;3000;360;1032
102.89999999999843;3000;360;1032
102.99999999999842;3000;360;1032
103.09999999999842;3000;360;1448
103.19999999999841;3000;360;1448
103.2999999999984;3000;360;1448
103.3999999999984;3000;360;1816
103.4999999999984;3000;360;1816
103.59999999999839;2992;360;1816
103.69999999999838;2992;360;2136
103.79999999999838;3000;360;2136
103.89999999999837;3000;360;2504
103.99999999999837;3000;360;2504
104.09999999999836;3000;360;2504
104.19999999999835;3000;360;2504
104.29999999999835;3000;360;2904
104.39999999999834;3000;360;2904
104.49999999999834;3000;360;2904
104.59999999999833;3000;360;3304
104.69999999999833;3000;360;3304
104.79999999999832;3000;360;3640
104.89999999999831;3000;360;3640
104.99999999999831;3000;360;3640
105.0999999999983;3000;360;3640
105.1999999999983;3000;360;4008
105.29999999999829;3000;360;4008
105.39999999999829;3000;360;4392
105.49999999999828;2992;360;4392
105.59999999999827;2992;360;4392
105.69999999999827;2992;360;4696
105.79999999999826;3000;360;4696
105.89999999999826;3000;360;4984
105.99999999999825;3000;360;4984
106.09999999999825;2992;360;4984
106.19999999999824;2992;360;5368
106.29999999999824;2992;360;5368
106.39999999999823;3000;360;5368
106.49999999999822;3000;360;5672
106.59999999999822;3000;360;5672
106.69999999999821;3000;360;5672
106.7999999999982;3000;360;6072
106.8999999999982;3000;360;6072
106.9999999999982;3000;360;6072
107.09999999999819;3000;360;6408
107.19999999999818;3000;360;6408
107.29999999999818;3000;360;6680
107.39999999999817;3000;360;6680
107.49999999999817;3000;360;6680
107.59999999999816;3000;360;6680
107.69999999999816;3000;360;7128
107.79999999999815;3000;360;7128
107.89999999999814;3000;360;7128
107.99999999999814;3000;360;7496
108.09999999999813;3000;368;7496
108.19999999999813;3000;368;7848
108.29999999999812;3000;368;7848
108.39999999999812;3000;360;7848
108.49999999999811;3000;360;7848
108.5999999999981;3000;360;8152
108.6999999999981;3000;360;8152
108.7999999999981;3000;360;8600
108.89999999999809;3000;360;8600
108.99999999999808;3000;360;8600
109.09999999999808;3000;360;8984
109.19999999999807;3000;360;8984
109.29999999999806;3000;360;8984
109.39999999999806;3000;360;9320
109.49999999999805;3000;368;9320
109.59999999999805;3000;368;9320
109.69999999999804;3000;360;9688
109.79999999999804;3000;360;9688
109.89999999999803;3000;360;9688
109.99999999999802;3000;360;9976
110.09999999999802;3000;360;9976
110.19999999999801;3000;360;9976
110.29999999999801;3000;360;10392
110.399999999998;3008;360;10392
110.499999999998;3008;360;10392
110.59999999999799;3000;360;10392
110.69999999999798;3000;360;10776
110.79999999999798;3000;360;10776
110.89999999999797;3000;360;11128
110.99999999999797;3000;360;11128
111.09999999999796;3000;360;11128
111.19999999999796;3000;360;11128
111.29999999999795;3000;360;11112
111.39999999999795;3000;360;11112
111.49999999999794;3000;360;11096
111.59999999999793;3000;360;11096
111.69999999999793;3000;360;11096
111.79999999999792;3000;360;11112
111.89999999999792;3000;360;11112
111.99999999999791;3000;360;11112
112.0999999999979;3000;360;11112
112.1999999999979;3000;360;11128
112.2999999999979;3000;360;11128
112.39999999999789;3000;360;11112
112.49999999999788;3000;360;11112
112.59999999999788;3000;360;11112
112.69999999999787;3000;360;11112
112.79999999999787;3000;360;11112
112.89999999999786;3000;360;11112
112.99999999999785;3000;360;11112
113.09999999999785;3000;360;11112
113.19999999999784;3000;360;11112
113.29999999999784;3000;360;11096
113.39999999999783;3000;360;11096
113.49999999999783;3000;360;11096
113.59999999999782;3000;360;11160
113.69999999999781;3000;360;11160
113.79999999999781;3000;360;11160
113.8999999999978;3000;360;11112
113.9999999999978;3000;360;11112
114.09999999999779;3000;360;11112
114.19999999999779;3000;360;11096
114.29999999999778;3000;360;11096
114.39999999999777;3000;360;11096
114.49999999999777;3000;360;10904
114.59999999999776;3000;360;10904
114.69999999999776;3000;360;10904
114.79999999999775;3000;360;10536
114.89999999999775;3000;360;10536
114.99999999999774;3000;360;10536
115.09999999999773;3000;360;10200
115.19999999999773;3000;360;10200
115.29999999999772;3000;360;10200
115.39999999999772;3000;360;9832
115.49999999999771;3000;360;9832
115.5999999999977;3000;360;9496
115.6999999999977;3000;360;9496
115.7999999999977;3000;360;9496
115.89999999999769;3000;360;9224
115.99999999999768;3000;360;9224
116.09999999999768;3000;360;9224
116.19999999999767;3000;360;8840
116.29999999999767;3000;360;8840
116.39999999999766;3000;360;8840
116.49999999999766;3000;360;8440
116.59999999999765;3000;360;8440
116.69999999999764;3008;360;8440
116.79999999999764;3008;360;8056
116.89999999999763;3000;360;8056
116.99999999999763;3000;360;8056
117.09999999999762;3000;360;7736
117.19999999999762;3000;360;7736
117.29999999999761;3000;360;7736
117.3999999999976;3000;360;7384
117.4999999999976;3000;360;7384
117.59999999999759;3000;360;7384
117.69999999999759;3000;360;6984
117.79999999999758;3008;360;6984
117.89999999999758;3008;360;6984
117.99999999999757;3008;360;6600
118.09999999999756;3000;360;6600
118.19999999999756;3000;360;6600
118.29999999999755;3000;360;6168
118.39999999999755;3000;360;6168
118.49999999999754;3000;360;6168
118.59999999999754;3000;360;5864
118.69999999999753;3000;360;5864
118.79999999999752;3000;360;5864
118.89999999999752;3000;360;5448
118.99999999999751;3000;360;5448
119.09999999999751;3000;360;5448
119.1999999999975;3000;360;5080
119.2999999999975;3000;360;5080
119.39999999999749;3000;360;4824
119.49999999999748;3000;360;4824
119.59999999999748;3000;360;4824
119.69999999999747;3000;360;4424
119.79999999999747;3000;360;4424
119.89999999999746;2992;360;4424
119.99999999999746;2992;360;4040
120.09999999999745;2992;360;4040
120.19999999999744;2992;360;4040
120.29999999999744;2992;360;3688
120.39999999999743;3000;360;3688
120.49999999999743;3000;360;3400
120.59999999999742;3000;360;3400
120.69999999999742;3000;360;3400
120.79999999999741;3000;360;3016
120.8999999999974;3000;360;3016
120.9999999999974;3000;360;3016
121.0999999999974;3000;360;2616
121.19999999999739;3000;360;2616
121.29999999999738;3000;360;2616
121.39999999999738;3000;360;2248
121.49999999999737;3000;360;2248
121.59999999999737;3000;360;2248
121.69999999999736;3000;360;1928
121.79999999999735;3000;360;1928
121.89999999999735;3000;360;1928
121.99999999999734;3000;360;1544
122.09999999999734;3000;360;1544
122.19999999999733;3000;360;1544
122.29999999999733;3000;360;1128
122.39999999999732;3000;360;1128
122.49999999999731;3000;360;1128
122.59999999999731;3000;360;744
122.6999999999973;3000;360;744
122.7999999999973;3000;360;744
122.89999999999729;3000;360;392
122.99999999999729;3000;360;392
123.09999999999728;3000;360;392
123.19999999999727;3000;360;72
123.29999999999727;3000;360;72
123.39999999999726;3000;360;72
123.49999999999726;3000;360;56
123.59999999999725;3000;360;56
123.69999999999725;3000;360;56
123.79999999999724;3000;360;56
123.89999999999723;3000;360;56
123.99999999999723;3000;360;56
124.09999999999722;3000;360;56
124.19999999999722;3000;360;56
124.29999999999721;3000;360;56
124.3999999999972;3000;360;56
124.4999999999972;3000;360;56
124.5999999999972;3000;360;56
124.69999999999719;3000;360;56
124.79999999999718;3000;360;56
124.89999999999718;2992;360;56
124.99999999999717;2992;360;56
125.09999999999717;2992;360;56
125.19999999999716;3000;360;56
125.29999999999715;3000;360;56
125.39999999999715;3000;360;56
125.49999999999714;3000;360;56
125.59999999999714;3000;360;56
125.69999999999713;2992;360;56
125.79999999999713;2992;360;56
125.89999999999712;2992;360;40
125.99999999999712;3000;360;40
126.09999999999711;3000;360;40
126.1999999999971;3000;360;56
126.2999999999971;3000;360;56
126.39999999999709;3000;360;56
126.49999999999709;3000;360;56
126.59999999999708;3000;360;56
126.69999999999708;3000;360;40
126.79999999999707;3000;360;40
126.89999999999706;3000;360;40
126.99999999999706;3000;360;56
127.09999999999705;3000;360;56
127.19999999999705;3000;360;56
127.29999999999704;3000;360;56
127.39999999999704;3000;360;56
127.49999999999703;3000;360;56
127.59999999999702;3000;352;40
127.69999999999702;3000;352;40
127.79999999999701;3000;352;40
127.89999999999701;3000;360;56
127.999999999997;2992;360;56
128.099999999997;2992;360;56
128.199999999997;2992;360;40
128.299999999997;3000;360;40
128.399999999997;3000;360;40
128.499999999997;3000;360;56
128.59999999999698;3000;360;56
128.69999999999698;3000;360;56
128.79999999999697;3000;360;56
128.89999999999696;3000;360;56
128.99999999999696;2992;360;56
129.09999999999695;2992;360;56
129.19999999999695;2992;360;56
129.29999999999694;2992;360;56
129.39999999999694;3000;360;56
129.49999999999693;3000;360;56
129.59999999999692;2992;360;56
129.69999999999692;2992;360;56
129.7999999999969;2992;360;56
129.8999999999969;3000;360;56
129.9999999999969;3000;360;40
130.0999999999969;3000;360;40
130.1999999999969;2992;360;40
130.29999999999688;2992;360;56
130.39999999999688;3000;360;56
130.49999999999687;3000;360;56
130.59999999999687;3000;360;56
130.69999999999686;3000;360;56
130.79999999999686;3000;360;56
130.89999999999685;3000;360;40
130.99999999999685;3000;360;40
131.09999999999684;3000;360;56
131.19999999999683;3000;360;56
131.29999999999683;3000;360;40
131.39999999999682;3000;360;40
131.49999999999682;3000;360;40
131.5999999999968;2992;360;40
131.6999999999968;2992;360;56
131.7999999999968;2992;360;56
131.8999999999968;3000;360;56
131.9999999999968;3000;352;56
132.09999999999678;3000;352;56
132.19999999999678;3000;352;56
132.29999999999677;3000;352;56
132.39999999999677;3000;352;56
132.49999999999676;3000;352;56
132.59999999999675;3000;360;40
132.69999999999675;3000;360;40
132.79999999999674;3000;360;40
132.89999999999674;3000;360;56
132.99999999999673;3000;360;56
133.09999999999673;3000;360;56
133.19999999999672;3000;360;56
