time;y1;y2;y3;u1;u2
0;0.0016802000000000206;0.0008705600000000202;-0.0007287999999999739;0;0.00010128
1;0.0016802000000000206;0.0007048000000000054;-0.0007287999999999739;0;0.00010128
2;0.0015138000000000096;0.0007048000000000054;-0.0005639999999999534;0;0.00010128
3;0.0016802000000000206;0.007335199999999986;-0.00023439999999996797;0;0.00010128
4;0.0018466000000000315;0.012307999999999986;0.0009192000000000089;0;0.00010128
5;0.0018466000000000315;0.01694928000000001;0.0017432000000000558;0;0.00010128
6;0.002678600000000031;0.02159055999999998;0.002732000000000012;0;0.00010128
7;0.0028449999999999864;0.025568800000000003;0.002732000000000012;0;0.00010128
8;0.0028449999999999864;0.029547040000000024;0.003226400000000018;0;0.00010128
9;0.0035106000000000304;0.03402255999999998;0.004709600000000036;0;0.00010128
10;0.003843399999999997;0.037006240000000024;0.005368800000000007;0;0.00010128
11;0.004508999999999985;0.04098447999999999;0.006192800000000054;0;0.00010128
12;0.005340999999999985;0.04396815999999998;0.007016800000000045;0;0.00010128
13;0.005507399999999996;0.04396815999999998;0.007840800000000037;0;0.00010128
14;0.006006600000000029;0.047614880000000026;0.008829600000000049;0;0.00010128
15;0.006672200000000017;0.050598560000000015;0.00965360000000004;0;0.00010128
16;0.007337800000000005;0.05358224;0.01031280000000001;0;0.00010128
17;0.007836999999999983;0.05623440000000002;0.011796000000000029;0;0.00010128
18;0.008502600000000027;0.05938384000000002;0.011796000000000029;0;0.00010128
19;0.008502600000000027;0.06203599999999998;0.01262000000000002;0;0.00010128
20;0.009334600000000026;0.06402511999999999;0.013114400000000026;0;0.00010128
21;0.009833800000000004;0.06568272000000003;0.014268000000000003;0;0.00010128
22;0.010332999999999981;0.06734032000000001;0.01575120000000002;0;0.00010128
23;0.010832200000000014;0.06916368;0.016245600000000027;0;0.00010128
24;0.011331399999999991;0.06916368;0.017564000000000024;0;0.00010128
25;0.012329800000000002;0.07048976000000001;0.018717600000000056;0;0.00010128
26;0.01282899999999998;0.07231312000000001;0.019541600000000048;0;0.00010128
27;0.013494600000000023;0.07363920000000002;0.020530400000000004;0;0.00010128
28;0.014493000000000034;0.07463376;0.02118960000000003;0;0.00010128
29;0.0148258;0.07629136;0.02118960000000003;0;0.00010128
30;0.0148258;0.07745168;0.022508000000000028;0;0.00010128
31;0.01582420000000001;0.07927504000000002;0.023167200000000054;0;0.00010128
32;0.0164898;0.08043536000000001;0.02415600000000001;0;0.00010128
33;0.0173218;0.08159568;0.025474400000000008;0;0.00010128
34;0.018153799999999998;0.08308752;0.026133600000000035;0;0.00010128
35;0.018819399999999986;0.08308752;0.027122400000000046;0;0.00010128
36;0.01948500000000003;0.08408208;0.028111200000000003;0;0.00010128
37;0.02031700000000003;0.08540816000000001;0.029100000000000015;0;0.00010128
38;0.020816200000000007;0.08656848;0.030418400000000012;0;0.00010128
39;0.022147399999999984;0.08723152;0.031407200000000024;0;0.00010128
40;0.022813000000000028;0.08888912000000002;0.031407200000000024;0;0.00010128
41;0.022813000000000028;0.08971792;0.03206640000000005;0;0.00010128
42;0.023478600000000016;0.09071248000000001;0.03338480000000005;0;0.00010128
43;0.024144200000000005;0.0918728;0.03404400000000002;0;0.00010128
44;0.024643399999999982;0.09286736000000001;0.035362400000000016;0;0.00010128
45;0.025641799999999992;0.09386192000000002;0.03635120000000003;0;0.00010128
46;0.026640200000000003;0.09386192000000002;0.037010400000000054;0;0.00010128
47;0.027472200000000002;0.095188;0.03799920000000001;0;0.00010128
48;0.0283042;0.09585104;0.0388232;0;0.00010128
49;0.0291362;0.09667984000000002;0.039976800000000035;0;0.00010128
50;0.0299682;0.09817168000000001;0.040800800000000026;0;0.00010128
51;0.030467400000000033;0.09883472000000001;0.040800800000000026;0;0.00010128
52;0.030467400000000033;0.09999504000000001;0.04178960000000004;0;0.00010128
53;0.03146579999999999;0.10115536;0.043272800000000056;0;0.00010128
54;0.03229779999999999;0.1018184;0.04426160000000001;0;0.00010128
55;0.03312979999999999;0.10264720000000002;0.04492080000000004;0;0.00010128
56;0.0341282;0.10331024;0.04590960000000005;0;0.00010128
57;0.03529300000000002;0.10331024;0.04689840000000001;0;0.00010128
58;0.03595860000000001;0.1043048;0.047722400000000054;0;0.00010128
59;0.036457799999999985;0.10529936000000001;0.048546400000000045;0;0.00010128
60;0.037456199999999995;0.10596240000000001;0.04970000000000002;0;0.00010128
61;0.038621000000000016;0.1067912;0.05052400000000001;0;0.00010128
62;0.039286600000000005;0.10778576000000001;0.05052400000000001;0;0.00010128
63;0.039286600000000005;0.10828304;0.051512800000000025;0;0.00010128
64;0.040118600000000004;0.10911184000000002;0.0526664;0;0.00010128
65;0.041283400000000026;0.10977488000000002;0.053655200000000014;0;0.00010128
66;0.041949000000000014;0.11093520000000001;0.054479200000000005;0;0.00010128
67;0.042947400000000024;0.11159824000000002;0.05546800000000002;0;0.00010128
68;0.04361300000000001;0.11159824000000002;0.05629200000000001;0;0.00010128
69;0.044777800000000034;0.11259280000000002;0.057116000000000056;0;0.00010128
70;0.04527700000000001;0.11358736;0.05810480000000001;0;0.00010128
71;0.04610900000000001;0.11408464000000001;0.059093600000000024;0;0.00010128
72;0.04694100000000001;0.11474768000000002;0.060082400000000036;0;0.00010128
73;0.04810580000000003;0.11507920000000002;0.060082400000000036;0;0.00010128
74;0.04810580000000003;0.11607376;0.06107120000000005;0;0.00010128
75;0.04893780000000003;0.11690256000000002;0.062060000000000004;0;0.00010128
76;0.04976980000000003;0.11756560000000002;0.06255440000000001;0;0.00010128
77;0.050768199999999986;0.11822864;0.06354320000000002;0;0.00010128
78;0.05143380000000003;0.11905744000000001;0.06436720000000001;0;0.00010128
79;0.05209940000000002;0.11905744000000001;0.0651912;0;0.00010128
80;0.05309780000000003;0.1192232;0.06618000000000002;0;0.00010128
81;0.054262599999999994;0.12054928000000001;0.06667440000000002;0;0.00010128
82;0.05492819999999998;0.12088080000000001;0.06815760000000004;0;0.00010128
83;0.05576019999999998;0.1217096;0.06914640000000002;0;0.00010128
84;0.056425800000000026;0.12237264;0.06914640000000002;0;0.00010128
85;0.056425800000000026;0.12303568000000001;0.06947600000000004;0;0.00010128
86;0.057757;0.12386448;0.07046480000000002;0;0.00010128
87;0.05842259999999999;0.12452752;0.07128880000000004;0;0.00010128
88;0.059088200000000035;0.12502480000000002;0.07194800000000004;0;0.00010128
89;0.059753800000000024;0.12552208;0.07260720000000004;0;0.00010128
90;0.06091860000000002;0.12552208;0.07392560000000004;0;0.00010128
91;0.06224980000000002;0.12651664;0.07491440000000002;0;0.00010128
92;0.06291540000000001;0.12701392;0.07606800000000002;0;0.00010128
93;0.0640802;0.12784272000000002;0.07639760000000004;0;0.00010128
94;0.06474580000000002;0.12867152;0.07755120000000001;0;0.00010128
95;0.06557780000000002;0.12950032;0.07755120000000001;0;0.00010128
96;0.06557780000000002;0.12983184;0.07837520000000003;0;0.00010128
97;0.06624340000000001;0.13032912000000002;0.07903440000000003;0;0.00010128
98;0.067741;0.13099216000000002;0.08002320000000002;0;0.00010128
99;0.0682402;0.13198672;0.08101200000000003;0;0.00010128
100;0.06923860000000001;0.13264976;0.08183600000000002;0;0.00010128
101;0.07007060000000001;0.13264976;0.08249520000000002;0;0.00010128
102;0.07106900000000002;0.1333128;0.08315440000000002;0;0.00010128
103;0.07190100000000002;0.13381008;0.08414320000000003;0;0.00010128
104;0.07273300000000002;0.13447312;0.08480240000000003;0;0.00010128
105;0.07356500000000002;0.13497040000000002;0.08529680000000003;0;0.00010128
106;0.0740642;0.13629648;0.08529680000000003;0;0.00010128
107;0.0740642;0.13646224;0.08612080000000003;0;0.00010128
108;0.0748962;0.13695952;0.08727440000000003;0;0.00010128
109;0.07639380000000001;0.13778832000000002;0.08809840000000002;0;0.00010128
110;0.07689300000000002;0.13845136000000002;0.08892240000000004;0;0.00010128
111;0.0775586;0.13894864;0.08925200000000003;0;0.00010128
112;0.07855700000000002;0.13894864;0.09073520000000002;0;0.00010128
113;0.0795554;0.13944592;0.09122960000000002;0;0.00010128
114;0.0803874;0.13994320000000002;0.09188880000000002;0;0.00010128
115;0.08105300000000001;0.140772;0.09238320000000003;0;0.00010128
116;0.0817186;0.14143504;0.09386640000000002;0;0.00010128
117;0.08271700000000001;0.14226384;0.09386640000000002;0;0.00010128
118;0.08271700000000001;0.14259536;0.09485520000000003;0;0.00010128
119;0.0837154;0.1432584;0.09534960000000003;0;0.00010128
120;0.08438100000000001;0.14342416000000002;0.09633840000000002;0;0.00010128
121;0.08488020000000002;0.14425296;0.09683280000000002;0;0.00010128
122;0.0863778;0.14441872;0.09765680000000002;0;0.00010128
123;0.08704340000000002;0.14441872;0.09815120000000002;0;0.00010128
124;0.08770900000000001;0.14491600000000002;0.09897520000000001;0;0.00010128
125;0.0883746;0.14591056000000002;0.09996400000000003;0;0.00010128
126;0.08937300000000001;0.14624208000000002;0.10062320000000002;0;0.00010128
127;0.09037140000000002;0.14723664;0.10111760000000003;0;0.00010128
128;0.09070420000000001;0.14756816;0.10111760000000003;0;0.00010128
129;0.09070420000000001;0.14856272;0.10194160000000002;0;0.00010128
130;0.09153620000000001;0.14872848000000002;0.10276560000000004;0;0.00010128
131;0.09253460000000002;0.14939152;0.10375440000000002;0;0.00010128
132;0.09336660000000002;0.14955728000000001;0.10424880000000003;0;0.00010128
133;0.0938658;0.15022032000000002;0.10490800000000003;0;0.00010128
134;0.095197;0.15022032000000002;0.10622640000000003;0;0.00010128
135;0.0955298;0.1507176;0.10672080000000003;0;0.00010128
136;0.09669460000000002;0.15121488000000002;0.10754480000000002;0;0.00010128
137;0.09752660000000002;0.15171216;0.10820400000000002;0;0.00010128
138;0.0988578;0.15237520000000002;0.10919280000000003;0;0.00010128
139;0.09968980000000002;0.15237520000000002;0.10919280000000003;0;0.00010128
140;0.09968980000000002;0.15287248;0.11001680000000003;0;0.00010128
141;0.10035540000000001;0.15353552;0.11051120000000003;0;0.00010128
142;0.1006882;0.15386704;0.11100560000000004;0;0.00010128
143;0.10135380000000002;0.15453008000000001;0.11150000000000002;0;0.00010128
144;0.102685;0.15486160000000002;0.11215920000000001;0;0.00010128
145;0.1031842;0.15486160000000002;0.11314800000000003;0;0.00010128
146;0.103517;0.15535888;0.11364240000000003;0;0.00010128
147;0.10451540000000001;0.1556904;0.11446640000000002;0;0.00010128
148;0.10551380000000002;0.15618768000000002;0.11545520000000004;0;0.00010128
149;0.1056802;0.15651920000000002;0.11578480000000002;0;0.00010128
150;0.10667860000000001;0.15718224;0.11578480000000002;0;0.00010128
151;0.10667860000000001;0.15751376;0.11660880000000004;0;0.00010128
152;0.10751060000000001;0.15834256000000002;0.11710320000000002;0;0.00010128
153;0.10834260000000001;0.15900560000000002;0.11776240000000002;0;0.00010128
154;0.10934100000000002;0.15950288;0.11875120000000003;0;0.00010128
155;0.10967380000000002;0.15966864;0.11957520000000002;0;0.00010128
156;0.1103394;0.15966864;0.12006960000000003;0;0.00010128
157;0.1115042;0.16016592000000002;0.12089360000000002;0;0.00010128
158;0.1123362;0.1606632;0.12171760000000004;0;0.00010128
159;0.1131682;0.16149200000000002;0.12254160000000003;0;0.00010128
160;0.11400020000000002;0.16149200000000002;0.12287120000000001;0;0.00010128
161;0.11466580000000001;0.16215504;0.12287120000000001;0;0.00010128
162;0.11466580000000001;0.16298384000000002;0.12369520000000003;0;0.00010128
163;0.1153314;0.16331536000000002;0.12402480000000002;0;0.00010128
164;0.11599700000000002;0.16348112;0.12501360000000003;0;0.00010128
165;0.1166626;0.16364688000000002;0.12567280000000003;0;0.00010128
166;0.11799380000000001;0.16447568;0.12649680000000002;0;0.00010128
167;0.1183266;0.16447568;0.12682640000000003;0;0.00010128
168;0.1186594;0.16513872000000002;0.12732080000000004;0;0.00010128
169;0.1194914;0.165636;0.12830960000000002;0;0.00010128
170;0.12048980000000001;0.165636;0.12896880000000002;0;0.00010128
171;0.1211554;0.16613328000000002;0.12962800000000002;0;0.00010128
172;0.12182100000000001;0.16663056;0.13028720000000002;0;0.00010128
173;0.12182100000000001;0.16712784;0.13028720000000002;0;0.00010128
174;0.1224866;0.16762512000000002;0.13061680000000003;0;0.00010128
175;0.12315220000000002;0.1681224;0.13144080000000002;0;0.00010128
176;0.12398420000000002;0.16861968000000002;0.13193520000000003;0;0.00010128
177;0.12481620000000002;0.16895120000000002;0.13275920000000002;0;0.00010128
178;0.1254818;0.16928272000000003;0.13325360000000003;0;0.00010128
179;0.12614740000000002;0.16928272000000003;0.13391280000000003;0;0.00010128
180;0.12697940000000002;0.16944848;0.13473680000000002;0;0.00010128
181;0.12781140000000002;0.17011152000000002;0.13556080000000004;0;0.00010128
182;0.128477;0.17044304000000002;0.13589040000000002;0;0.00010128
183;0.12914260000000002;0.17110608000000002;0.13589040000000002;0;0.00010128
184;0.12947540000000002;0.17143760000000002;0.13654960000000002;0;0.00010128
185;0.12947540000000002;0.17210064000000003;0.13720880000000002;0;0.00010128
186;0.13080660000000002;0.17210064000000003;0.13819760000000003;0;0.00010128
187;0.13113940000000002;0.17259792000000002;0.13836240000000002;0;0.00010128
188;0.13197140000000002;0.17326096000000002;0.13951600000000003;0;0.00010128
189;0.1323042;0.17326096000000002;0.13968080000000002;0;0.00010128
190;0.1331362;0.17342672;0.14034000000000002;0;0.00010128
191;0.1339682;0.17425552000000002;0.141164;0;0.00010128
192;0.1348002;0.17458704000000003;0.14182320000000004;0;0.00010128
193;0.13496660000000002;0.17508432000000002;0.14215280000000002;0;0.00010128
194;0.135965;0.1755816;0.14281200000000002;0;0.00010128
195;0.135965;0.1755816;0.14281200000000002;0;0.00010128
196;0.1361314;0.17607888000000002;0.14380080000000003;0;0.00010128
197;0.1372962;0.17624464;0.14462480000000003;0;0.00010128
198;0.1386274;0.1772392;0.14511920000000003;0;0.00010128
199;0.13879380000000002;0.17740496;0.14561360000000004;0;0.00010128
200;0.139293;0.17790224000000002;0.14610800000000002;0;0.00010128
201;0.1397922;0.17790224000000002;0.14709680000000003;0;0.00010128
202;0.1406242;0.17856528000000002;0.14759120000000003;0;0.00010128
203;0.1411234;0.17856528000000002;0.1480856;0;0.00010128
204;0.141789;0.17906256;0.14858000000000002;0;0.00010128
205;0.142621;0.17955984000000003;0.14907440000000002;0;0.00010128
206;0.1431202;0.17989136;0.14907440000000002;0;0.00010128
207;0.1431202;0.18038864000000002;0.15022800000000003;0;0.00010128
208;0.1439522;0.18088592;0.15039280000000002;0;0.00010128
209;0.14461780000000002;0.18121744;0.15072240000000003;0;0.00010128
210;0.1449506;0.18138320000000002;0.15154640000000003;0;0.00010128
211;0.14594900000000002;0.18138320000000002;0.15237040000000002;0;0.00010128
212;0.14628180000000002;0.18188048;0.15253520000000004;0;0.00010128
213;0.1472802;0.182212;0.15368880000000001;0;0.00010128
214;0.1477794;0.18254352000000001;0.15418320000000002;0;0.00010128
215;0.1486114;0.18287504000000002;0.15451280000000003;0;0.00010128
216;0.14927700000000002;0.18353808000000002;0.15517200000000003;0;0.00010128
217;0.15010900000000002;0.18386960000000002;0.15517200000000003;0;0.00010128
218;0.15010900000000002;0.18420112000000002;0.15599600000000002;0;0.00010128
219;0.1511074;0.18486416000000003;0.15698480000000004;0;0.00010128
220;0.15177300000000002;0.18502992000000001;0.15714960000000003;0;0.00010128
221;0.1524386;0.1855272;0.15797360000000002;0;0.00010128
222;0.1527714;0.18585872;0.1581384;0;0.00010128
223;0.1527714;0.18585872;0.15830320000000003;0;0.00010128
224;0.15310420000000002;0.18602448000000002;0.15896240000000003;0;0.00010128
225;0.15393620000000002;0.18619024;0.15962160000000003;0;0.00010128
226;0.15476820000000002;0.18735056000000003;0.15995120000000002;0;0.00010128
227;0.1549346;0.1871848;0.16028080000000003;0;0.00010128
228;0.15560020000000002;0.18751632000000001;0.16028080000000003;0;0.00010128
229;0.15560020000000002;0.18834512;0.16094000000000003;0;0.00010128
230;0.15643220000000002;0.18884240000000002;0.16143440000000003;0;0.00010128
231;0.15676500000000002;0.18900816;0.16209360000000003;0;0.00010128
232;0.15759700000000001;0.18917392000000002;0.16291760000000002;0;0.00010128
233;0.15809620000000002;0.1896712;0.16324720000000004;0;0.00010128
234;0.1587618;0.1896712;0.16390640000000004;0;0.00010128
235;0.1595938;0.19016848;0.1644008;0;0.00010128
236;0.1604258;0.19083152;0.16522480000000003;0;0.00010128
237;0.1604258;0.19083152;0.16555440000000002;0;0.00010128
238;0.16142420000000002;0.19182608;0.16621360000000002;0;0.00010128
239;0.16192340000000002;0.19232336000000003;0.16621360000000002;0;0.00010128
240;0.16192340000000002;0.19265488000000003;0.16687280000000002;0;0.00010128
241;0.16275540000000002;0.19315216000000002;0.16720240000000003;0;0.00010128
242;0.163421;0.19331792;0.16786160000000003;0;0.00010128
243;0.1640866;0.19381520000000002;0.16802640000000002;0;0.00010128
244;0.16441940000000002;0.19414672000000002;0.16852080000000003;0;0.00010128
245;0.16475220000000002;0.19414672000000002;0.16950960000000004;0;0.00010128
246;0.16558420000000001;0.194644;0.17000400000000002;0;0.00010128
247;0.1662498;0.19480976000000003;0.17082800000000004;0;0.00010128
248;0.16641620000000001;0.19514128000000003;0.17099280000000003;0;0.00010128
249;0.1672482;0.19563856000000002;0.17148720000000003;0;0.00010128
250;0.167581;0.19630160000000002;0.17148720000000003;0;0.00010128
251;0.167581;0.19679888;0.17231120000000003;0;0.00010128
252;0.1679138;0.1971304;0.17280560000000003;0;0.00010128
253;0.1687458;0.19762768000000003;0.17313520000000002;0;0.00010128
254;0.1695778;0.19779344000000001;0.17346480000000003;0;0.00010128
255;0.16991060000000002;0.19812496000000002;0.17395920000000004;0;0.00010128
256;0.1705762;0.19812496000000002;0.17478320000000003;0;0.00010128
257;0.1712418;0.19878800000000002;0.1751128;0;0.00010128
258;0.17190740000000002;0.1996168;0.17593680000000003;0;0.00010128
259;0.17240660000000002;0.19978256000000003;0.17626640000000002;0;0.00010128
260;0.17273940000000002;0.20011408000000003;0.17676080000000002;0;0.00010128
261;0.173405;0.20027984000000001;0.17676080000000002;0;0.00010128
262;0.173405;0.20077712000000003;0.17725520000000003;0;0.00010128
263;0.1739042;0.20110864;0.17791440000000003;0;0.00010128
264;0.17440340000000001;0.20193744000000002;0.178244;0;0.00010128
265;0.1747362;0.20276624000000001;0.17906800000000003;0;0.00010128
266;0.1752354;0.202932;0.17939760000000002;0;0.00010128
267;0.17623380000000002;0.202932;0.18005680000000002;0;0.00010128
268;0.17656660000000002;0.20359504;0.18022160000000004;0;0.00010128
269;0.1772322;0.20392656000000003;0.18104560000000003;0;0.00010128
270;0.1777314;0.20392656000000003;0.18104560000000003;0;0.00010128
271;0.17823060000000002;0.20425808;0.1820344;0;0.00010128
272;0.178397;0.2045896;0.1820344;0;0.00010128
273;0.178397;0.20525264000000001;0.1826936;0;0.00010128
274;0.1788962;0.20591568000000002;0.18302320000000002;0;0.00010128
275;0.17956180000000002;0.20674448;0.1833528;0;0.00010128
276;0.1797282;0.20674448;0.18368240000000002;0;0.00010128
277;0.1805602;0.207076;0.18417680000000003;0;0.00010128
278;0.18122580000000002;0.207076;0.18500080000000002;0;0.00010128
279;0.1822242;0.20724176;0.18533040000000003;0;0.00010128
280;0.1823906;0.20757328000000003;0.18598960000000003;0;0.00010128
281;0.1832226;0.2079048;0.18631920000000002;0;0.00010128
282;0.18338900000000002;0.20823632000000003;0.18681360000000002;0;0.00010128
283;0.18372180000000002;0.20823632000000003;0.18681360000000002;0;0.00010128
284;0.18372180000000002;0.20873360000000002;0.18714320000000004;0;0.00010128
285;0.18422100000000002;0.20906512000000002;0.18780240000000004;0;0.00010128
286;0.1847202;0.2095624;0.18829680000000001;0;0.00010128
287;0.18538580000000002;0.20989392;0.18862640000000003;0;0.00010128
288;0.1857186;0.21055696000000002;0.18928560000000003;0;0.00010128
289;0.18621780000000002;0.21055696000000002;0.18978000000000003;0;0.00010128
290;0.18704980000000002;0.21055696000000002;0.1902744;0;0.00010128
291;0.1873826;0.21105424;0.19060400000000002;0;0.00010128
292;0.18838100000000002;0.21105424;0.19159280000000004;0;0.00010128
293;0.18854740000000003;0.21122000000000002;0.19159280000000004;0;0.00010128
294;0.18921300000000002;0.21171728;0.19159280000000004;0;0.00010128
295;0.18921300000000002;0.21271184;0.1920872;0;0.00010128
296;0.18954580000000001;0.21304336000000001;0.1927464;0;0.00010128
297;0.19021140000000003;0.21370640000000002;0.19291120000000003;0;0.00010128
298;0.1905442;0.21370640000000002;0.19357040000000003;0;0.00010128
299;0.1915426;0.21403792000000002;0.19373520000000002;0;0.00010128
300;0.1915426;0.21403792000000002;0.194724;0;0.00010128
301;0.1920418;0.21453520000000004;0.19505360000000002;0;0.00010128
302;0.19254100000000002;0.21486672;0.19571280000000002;0;0.00010128
303;0.1930402;0.21486672;0.1960424;0;0.00010128
304;0.19353940000000003;0.21569552000000003;0.19670160000000003;0;0.00010128
305;0.19420500000000002;0.21586128000000002;0.19670160000000003;0;0.00010128
306;0.19420500000000002;0.21652432000000002;0.19703120000000002;0;0.00010128
307;0.1947042;0.21702160000000004;0.19703120000000002;0;0.00010128
308;0.19520340000000003;0.21718736;0.1978552;0;0.00010128
309;0.1955362;0.21768464;0.19851440000000004;0;0.00010128
310;0.1963682;0.2178504;0.19884400000000002;0;0.00010128
311;0.1965346;0.2178504;0.1991736;0;0.00010128
312;0.1970338;0.21818192000000003;0.199668;0;0.00010128
313;0.1972002;0.21867920000000002;0.19983280000000003;0;0.00010128
314;0.19803220000000002;0.21901072000000002;0.20082160000000002;0;0.00010128
315;0.198365;0.21901072000000002;0.20115120000000003;0;0.00010128
316;0.1990306;0.21950800000000004;0.20115120000000003;0;0.00010128
317;0.1990306;0.22000528000000003;0.20148080000000002;0;0.00010128
318;0.199197;0.22017104;0.20181040000000003;0;0.00010128
319;0.1995298;0.22083408000000002;0.20246960000000003;0;0.00010128
320;0.20019540000000002;0.22116560000000002;0.20296400000000003;0;0.00010128
321;0.20052820000000002;0.22099984;0.20312880000000003;0;0.00010128
322;0.20136020000000002;0.22099984;0.2036232;0;0.00010128
323;0.20185940000000002;0.22149712000000002;0.2041176;0;0.00010128
324;0.20202580000000003;0.22199440000000004;0.20477680000000004;0;0.00010128
325;0.20285780000000003;0.22216016000000002;0.20510640000000002;0;0.00010128
326;0.20302420000000002;0.22265744;0.20560080000000003;0;0.00010128
327;0.20352340000000002;0.2228232;0.20560080000000003;0;0.00010128
328;0.20352340000000002;0.22298896;0.2059304;0;0.00010128
329;0.2040226;0.22348624;0.20658960000000004;0;0.00010128
330;0.20452180000000003;0.22365200000000002;0.20708400000000002;0;0.00010128
331;0.2048546;0.22398352000000002;0.20741360000000003;0;0.00010128
332;0.20518740000000002;0.22448080000000004;0.20774320000000002;0;0.00010128
333;0.20552020000000001;0.22448080000000004;0.20807280000000003;0;0.00010128
334;0.20601940000000002;0.22497808000000002;0.2085672;0;0.00010128
335;0.2065186;0.22497808000000002;0.20889680000000002;0;0.00010128
336;0.2071842;0.22547536;0.20906160000000001;0;0.00010128
337;0.207517;0.22580688000000002;0.20972080000000004;0;0.00010128
338;0.2081826;0.22580688000000002;0.20972080000000004;0;0.00010128
339;0.2081826;0.22646992000000002;0.21054480000000003;0;0.00010128
340;0.208349;0.22663568;0.21070960000000002;0;0.00010128
341;0.2090146;0.22680144000000002;0.21103920000000004;0;0.00010128
342;0.209181;0.22746448000000002;0.21136880000000002;0;0.00010128
343;0.2098466;0.22746448000000002;0.21186320000000003;0;0.00010128
344;0.21017940000000002;0.22746448000000002;0.21202800000000002;0;0.00010128
345;0.210845;0.22829328000000002;0.21235760000000004;0;0.00010128
346;0.21101140000000002;0.22845904;0.21285200000000004;0;0.00010128
347;0.21117780000000003;0.22879056000000003;0.21367600000000003;0;0.00010128
348;0.21184340000000002;0.22895632000000002;0.21384080000000003;0;0.00010128
349;0.2121762;0.22895632000000002;0.21384080000000003;0;0.00010128
350;0.2121762;0.22945360000000004;0.2143352;0;0.00010128
351;0.21284180000000003;0.22995088000000002;0.21466480000000002;0;0.00010128
352;0.2130082;0.22995088000000002;0.2148296;0;0.00010128
353;0.21317460000000002;0.23044816;0.21548880000000004;0;0.00010128
354;0.21400660000000002;0.23061392000000003;0.21581840000000002;0;0.00010128
355;0.2143394;0.23061392000000003;0.21598320000000004;0;0.00010128
356;0.21483860000000002;0.23144272000000002;0.21647760000000002;0;0.00010128
357;0.21533780000000002;0.23160848;0.21697200000000003;0;0.00010128
358;0.21567060000000002;0.23194000000000004;0.2174664;0;0.00010128
359;0.2160034;0.23227152;0.21779600000000002;0;0.00010128
360;0.21616980000000002;0.23260304;0.21779600000000002;0;0.00010128
361;0.21616980000000002;0.2327688;0.2179608;0;0.00010128
362;0.2168354;0.23293456;0.21862000000000004;0;0.00010128
363;0.21733460000000002;0.23343184;0.21894960000000002;0;0.00010128
364;0.21783380000000002;0.23359760000000002;0.2192792;0;0.00010128
365;0.218333;0.23376336000000003;0.2197736;0;0.00010128
366;0.21866580000000002;0.23376336000000003;0.22026800000000002;0;0.00010128
367;0.21883220000000003;0.23426064000000002;0.2205976;0;0.00010128
368;0.219165;0.23426064000000002;0.22092720000000002;0;0.00010128
369;0.21966420000000003;0.23492368000000002;0.22142160000000002;0;0.00010128
370;0.219997;0.23475792;0.22175120000000004;0;0.00010128
371;0.22032980000000002;0.2352552;0.22175120000000004;0;0.00010128
372;0.22032980000000002;0.23558672000000003;0.22224560000000004;0;0.00010128
373;0.22116180000000002;0.23591824;0.22224560000000004;0;0.00010128
374;0.22116180000000002;0.23624976000000003;0.22290480000000001;0;0.00010128
375;0.221661;0.23641552000000002;0.22323440000000003;0;0.00010128
376;0.22199380000000002;0.23674704000000002;0.2237288;0;0.00010128
377;0.2223266;0.23674704000000002;0.22389360000000003;0;0.00010128
378;0.22282580000000002;0.23724432;0.22438800000000003;0;0.00010128
379;0.2231586;0.23724432;0.22455280000000002;0;0.00010128
380;0.22365780000000002;0.2377416;0.22488240000000004;0;0.00010128
381;0.224157;0.23790736;0.22537680000000002;0;0.00010128
382;0.2243234;0.23823888000000001;0.2255416;0;0.00010128
383;0.2243234;0.23857040000000002;0.2255416;0;0.00010128
384;0.2248226;0.23873616000000003;0.22620080000000004;0;0.00010128
385;0.2251554;0.23890192000000002;0.22636560000000003;0;0.00010128
386;0.22532180000000002;0.23923344000000002;0.22669520000000004;0;0.00010128
387;0.2259874;0.23956496000000002;0.2273544;0;0.00010128
388;0.2268194;0.24022800000000002;0.22751920000000003;0;0.00010128
389;0.22698580000000002;0.24022800000000002;0.22784880000000002;0;0.00010128
390;0.22715220000000003;0.24022800000000002;0.22834320000000002;0;0.00010128
391;0.2276514;0.24055952000000003;0.22850800000000002;0;0.00010128
392;0.22798420000000003;0.24089104;0.22933200000000004;0;0.00010128
393;0.2281506;0.24138832000000002;0.22933200000000004;0;0.00010128
394;0.2284834;0.24138832000000002;0.22966160000000002;0;0.00010128
395;0.2289826;0.24221712;0.22966160000000002;0;0.00010128
396;0.2289826;0.24254864000000004;0.23015600000000003;0;0.00010128
397;0.22914900000000002;0.24254864000000004;0.2304856;0;0.00010128
398;0.22964820000000002;0.24288016;0.23065040000000003;0;0.00010128
399;0.22998100000000002;0.24321168;0.2313096;0;0.00010128
400;0.23064660000000003;0.24354320000000002;0.2313096;0;0.00010128
401;0.2309794;0.24354320000000002;0.23163920000000002;0;0.00010128
402;0.2311458;0.24337744;0.231804;0;0.00010128
403;0.23147860000000003;0.24370896000000003;0.23262800000000003;0;0.00010128
404;0.2318114;0.24420624000000002;0.23279280000000002;0;0.00010128
405;0.2319778;0.24453776000000002;0.2331224;0;0.00010128
406;0.23247700000000002;0.24453776000000002;0.2331224;0;0.00010128
407;0.23247700000000002;0.24486928000000002;0.23345200000000002;0;0.00010128
408;0.2328098;0.24536656;0.23378160000000003;0;0.00010128
409;0.23314260000000003;0.24553232000000003;0.23411120000000002;0;0.00010128
410;0.2336418;0.24569808;0.2344408;0;0.00010128
411;0.23397460000000003;0.24636112000000002;0.23460560000000003;0;0.00010128
412;0.23397460000000003;0.24636112000000002;0.23526480000000002;0;0.00010128
413;0.23464020000000002;0.24652688;0.23559440000000004;0;0.00010128
414;0.23480660000000003;0.24652688;0.2357592;0;0.00010128
415;0.23563860000000003;0.24735568000000002;0.23608880000000002;0;0.00010128
416;0.23580500000000001;0.24735568000000002;0.23641840000000003;0;0.00010128
417;0.23580500000000001;0.24768720000000002;0.23641840000000003;0;0.00010128
418;0.23580500000000001;0.24785296;0.23658320000000002;0;0.00010128
419;0.23647060000000003;0.24835024;0.23707760000000003;0;0.00010128
420;0.2369698;0.24868176000000003;0.23724240000000002;0;0.00010128
421;0.2369698;0.24934480000000003;0.237572;0;0.00010128
422;0.23713620000000002;0.24934480000000003;0.2380664;0;0.00010128
423;0.2376354;0.24934480000000003;0.23823120000000003;0;0.00010128
424;0.23796820000000002;0.24967632;0.23872560000000004;0;0.00010128
425;0.2384674;0.25050512;0.23922000000000002;0;0.00010128
426;0.2384674;0.25050512;0.23954960000000003;0;0.00010128
427;0.23880020000000002;0.25083664;0.23971440000000002;0;0.00010128
428;0.23963220000000002;0.25083664;0.23971440000000002;0;0.00010128
429;0.23963220000000002;0.25133392;0.24004400000000004;0;0.00010128
430;0.239965;0.25133392;0.24053840000000004;0;0.00010128
431;0.2401314;0.25166544;0.24037360000000002;0;0.00010128
432;0.24063060000000003;0.25183120000000003;0.2411976;0;0.00010128
433;0.2409634;0.25216272;0.2411976;0;0.00010128
434;0.2411298;0.25216272;0.24152720000000003;0;0.00010128
435;0.241629;0.25232848;0.2420216;0;0.00010128
436;0.2419618;0.25249424000000004;0.242516;0;0.00010128
437;0.24229460000000003;0.25315728000000004;0.24268080000000003;0;0.00010128
438;0.242461;0.25282576;0.24317520000000004;0;0.00010128
439;0.243293;0.25332304;0.24317520000000004;0;0.00010128
440;0.243293;0.25382032;0.24334000000000003;0;0.00010128
441;0.24345940000000002;0.25431760000000003;0.24366960000000004;0;0.00010128
442;0.2436258;0.25464912;0.24366960000000004;0;0.00010128
443;0.24345940000000002;0.25448336000000005;0.24416400000000002;0;0.00010128
444;0.24395860000000003;0.25464912;0.2443288;0;0.00010128
445;0.2444578;0.25464912;0.2451528;0;0.00010128
446;0.2446242;0.2551464;0.24548240000000002;0;0.00010128
447;0.244957;0.25531216;0.24597680000000002;0;0.00010128
448;0.2454562;0.25547792;0.24614160000000002;0;0.00010128
449;0.24562260000000002;0.25580944;0.24630640000000004;0;0.00010128
450;0.24562260000000002;0.25630672;0.24630640000000004;0;0.00010128
451;0.2462882;0.25680400000000003;0.24663600000000002;0;0.00010128
452;0.24645460000000002;0.25713552;0.2469656;0;0.00010128
453;0.24678740000000002;0.25713552;0.24729520000000002;0;0.00010128
454;0.24728660000000002;0.25746704000000004;0.24746;0;0.00010128
455;0.24761940000000002;0.2576328;0.248284;0;0.00010128
456;0.24761940000000002;0.2576328;0.248284;0;0.00010128
457;0.2479522;0.25796432;0.24861360000000002;0;0.00010128
458;0.248285;0.25829584000000005;0.24894320000000003;0;0.00010128
459;0.2486178;0.25829584000000005;0.24910800000000002;0;0.00010128
460;0.24928340000000002;0.2584616;0.24943760000000004;0;0.00010128
461;0.24928340000000002;0.25912464;0.24943760000000004;0;0.00010128
462;0.24928340000000002;0.25945616000000005;0.24943760000000004;0;0.00010128
463;0.2496162;0.25929040000000003;0.2500968;0;0.00010128
464;0.24978260000000002;0.25945616000000005;0.25026160000000003;0;0.00010128
465;0.2502818;0.2601192;0.2505912;0;0.00010128
466;0.2504482;0.25962192;0.2510856;0;0.00010128
467;0.25078100000000003;0.25962192;0.25158;0;0.00010128
468;0.2512802;0.26028496;0.25207440000000003;0;0.00010128
469;0.2514466;0.26045072;0.2519096;0;0.00010128
470;0.25161300000000003;0.26061648000000004;0.2522392;0;0.00010128
471;0.2519458;0.260948;0.2522392;0;0.00010128
472;0.25244500000000003;0.26144528;0.2522392;0;0.00010128
473;0.25244500000000003;0.26210832;0.25256880000000004;0;0.00010128
474;0.2527778;0.26194256000000005;0.2528984;0;0.00010128
475;0.2529442;0.26210832;0.25306320000000004;0;0.00010128
476;0.2529442;0.26243984000000004;0.253228;0;0.00010128
477;0.25327700000000003;0.2626056;0.25355760000000005;0;0.00010128
478;0.2537762;0.2626056;0.2542168;0;0.00010128
479;0.25427540000000004;0.26326864;0.2545464;0;0.00010128
480;0.2544418;0.26360016000000003;0.2550408;0;0.00010128
481;0.2544418;0.26360016000000003;0.254876;0;0.00010128
482;0.2544418;0.26409744;0.2553704;0;0.00010128
483;0.2547746;0.26393168;0.2553704;0;0.00010128
484;0.2552738;0.26426320000000003;0.2553704;0;0.00010128
485;0.2552738;0.26426320000000003;0.2558648;0;0.00010128
486;0.25577300000000003;0.26426320000000003;0.25619440000000004;0;0.00010128
487;0.25593940000000004;0.26459472;0.2563592;0;0.00010128
488;0.2564386;0.26492624000000004;0.25652400000000003;0;0.00010128
489;0.2564386;0.265092;0.2571832;0;0.00010128
490;0.25677140000000004;0.265092;0.2571832;0;0.00010128
491;0.257437;0.26525776;0.2578424;0;0.00010128
492;0.25760340000000004;0.2659208;0.2580072;0;0.00010128
493;0.2577698;0.26608656;0.2580072;0;0.00010128
494;0.258269;0.26641808;0.2585016;0;0.00010128
495;0.258269;0.26691536000000005;0.2585016;0;0.00010128
496;0.258269;0.26708112;0.258996;0;0.00010128
497;0.2587682;0.26724688;0.258996;0;0.00010128
498;0.2587682;0.26724688;0.25932560000000004;0;0.00010128
499;0.25926740000000004;0.2675784;0.2594904;0;0.00010128
500;0.2596002;0.2675784;0.2599848;0;0.00010128
501;0.2596002;0.2675784;0.2599848;0;0.00010128
502;0.26009940000000004;0.2675784;0.2603144;0;0.00010128
503;0.2602658;0.26807568000000004;0.2603144;0;0.00010128
504;0.2604322;0.26790992;0.26097360000000003;0;0.00010128
505;0.260765;0.26824144;0.26097360000000003;0;0.00010128
506;0.2610978;0.2684072;0.26097360000000003;0;0.00010128
507;0.2610978;0.26890448;0.2613032;0;0.00010128
508;0.2612642;0.26907024;0.2613032;0;0.00010128
509;0.261597;0.26956752;0.2617976;0;0.00010128
510;0.2620962;0.2700648;0.2621272;0;0.00010128
511;0.2622626;0.27039632;0.2621272;0;0.00010128
512;0.262429;0.27039632;0.26278640000000003;0;0.00010128
513;0.26259540000000003;0.27023056;0.26278640000000003;0;0.00010128
514;0.2630946;0.27039632;0.26295120000000005;0;0.00010128
515;0.26342740000000003;0.27105936;0.26328080000000004;0;0.00010128
516;0.2637602;0.27139088;0.26377520000000004;0;0.00010128
517;0.264093;0.27155664;0.26377520000000004;0;0.00010128
518;0.264093;0.27205392;0.2642696;0;0.00010128
519;0.264093;0.27238544000000003;0.2644344;0;0.00010128
520;0.26425940000000003;0.27221968;0.2642696;0;0.00010128
521;0.2645922;0.27238544000000003;0.2649288;0;0.00010128
522;0.2652578;0.27288272;0.2649288;0;0.00010128
523;0.2654242;0.27288272;0.2654232;0;0.00010128
524;0.2655906;0.27304848000000004;0.2654232;0;0.00010128
525;0.265757;0.27304848000000004;0.26591760000000003;0;0.00010128
526;0.2662562;0.27321424;0.26608240000000005;0;0.00010128
527;0.2664226;0.27338;0.26608240000000005;0;0.00010128
528;0.26675540000000003;0.27354576;0.26608240000000005;0;0.00010128
529;0.26675540000000003;0.27354576;0.2667416;0;0.00010128
530;0.2670882;0.27404304;0.2667416;0;0.00010128
531;0.2672546;0.27404304;0.26690640000000004;0;0.00010128
532;0.2672546;0.27420880000000003;0.2674008;0;0.00010128
533;0.26758740000000003;0.27420880000000003;0.2674008;0;0.00010128
534;0.26775380000000004;0.27420880000000003;0.2678952;0;0.00010128
535;0.2685858;0.27404304;0.2678952;0;0.00010128
536;0.2687522;0.27437456000000005;0.26822480000000004;0;0.00010128
537;0.2687522;0.27454032;0.2683896;0;0.00010128
538;0.2687522;0.27487184000000003;0.26871920000000005;0;0.00010128
539;0.26925140000000003;0.2750376;0.26871920000000005;0;0.00010128
540;0.26925140000000003;0.27520336;0.268884;0;0.00010128
541;0.2695842;0.27536912;0.26904880000000003;0;0.00010128
542;0.2695842;0.27520336;0.2692136;0;0.00010128
543;0.27008340000000003;0.27603216;0.269708;0;0.00010128
544;0.2704162;0.27619792000000004;0.269708;0;0.00010128
545;0.2702498;0.27619792000000004;0.2698728;0;0.00010128
546;0.270749;0.27636368;0.27036720000000003;0;0.00010128
547;0.270749;0.27686096000000004;0.27036720000000003;0;0.00010128
548;0.27108180000000004;0.27702672;0.2710264;0;0.00010128
549;0.271581;0.27702672;0.2710264;0;0.00010128
550;0.27191380000000004;0.27735824000000003;0.2710264;0;0.00010128
551;0.27191380000000004;0.277524;0.27135600000000004;0;0.00010128
552;0.2720802;0.27785552;0.27135600000000004;0;0.00010128
553;0.272413;0.27802128000000004;0.2716856;0;0.00010128
554;0.272413;0.27785552;0.2720152;0;0.00010128
555;0.2725794;0.27818704000000005;0.27218000000000003;0;0.00010128
556;0.2729122;0.27818704000000005;0.27218000000000003;0;0.00010128
557;0.2729122;0.27885008;0.27267440000000004;0;0.00010128
558;0.273245;0.27851856;0.27267440000000004;0;0.00010128
559;0.2734114;0.27934736000000004;0.2728392;0;0.00010128
560;0.27357780000000004;0.27934736000000004;0.2736632;0;0.00010128
561;0.2739106;0.27951312;0.2736632;0;0.00010128
562;0.2739106;0.27984464000000003;0.2733336;0;0.00010128
563;0.274077;0.27934736000000004;0.273828;0;0.00010128
564;0.2742434;0.27984464000000003;0.27399280000000004;0;0.00010128
565;0.274909;0.2800104;0.27399280000000004;0;0.00010128
566;0.27440980000000004;0.28017616;0.2743224;0;0.00010128
567;0.27524180000000004;0.28017616;0.274652;0;0.00010128
568;0.27524180000000004;0.28034192;0.274652;0;0.00010128
569;0.2755746;0.28034192;0.2748168;0;0
570;0.2755746;0.2800104;0.2748168;0;0
571;0.2755746;0.27437456000000005;0.2748168;0;0
572;0.2755746;0.26907024;0.2748168;0;0
573;0.2755746;0.26393168;0.27399280000000004;0;0
574;0.2759074;0.25829584000000005;0.27316880000000004;0;0
575;0.2759074;0.25315728000000004;0.2723448;0;0
576;0.2754082;0.24818448;0.27185040000000005;0;0
577;0.27524180000000004;0.24321168;0.2710264;0;0
578;0.274909;0.24321168;0.269708;0;0
579;0.2742434;0.23857040000000002;0.26904880000000003;0;0
580;0.2739106;0.23392912000000002;0.26806;0;0
581;0.2734114;0.22961936000000002;0.26723600000000003;0;0
582;0.2730786;0.22547536;0.26608240000000005;0;0
583;0.272413;0.22099984;0.26608240000000005;0;0
584;0.272413;0.21685584000000002;0.26509360000000004;0;0
585;0.2720802;0.21304336000000001;0.26410480000000003;0;0
586;0.2712482;0.20906512000000002;0.26278640000000003;0;0
587;0.270749;0.20492112;0.2617976;0;0
588;0.2702498;0.20110864;0.2603144;0;0
589;0.2695842;0.20110864;0.25932560000000004;0;0
590;0.2687522;0.19729616000000003;0.258172;0;0
591;0.2680866;0.19381520000000002;0.2563592;0;0
592;0.267421;0.1896712;0.25520560000000003;0;0
593;0.266589;0.18602448000000002;0.25388720000000004;0;0
594;0.26608980000000004;0.18353808000000002;0.25388720000000004;0;0
595;0.26608980000000004;0.17955984000000003;0.25306320000000004;0;0
596;0.2652578;0.17657616;0.25158;0;0
597;0.26425940000000003;0.17408976;0.25026160000000003;0;0
598;0.2637602;0.17044304000000002;0.24894320000000003;0;0
599;0.26259540000000003;0.16795664000000002;0.24762480000000003;0;0
600;0.2620962;0.16795664000000002;0.24630640000000004;0;0
601;0.2612642;0.16497296;0.2451528;0;0
602;0.2604322;0.16198928;0.24334000000000003;0;0
603;0.2596002;0.15900560000000002;0.24218640000000002;0;0
604;0.2587682;0.15618768000000002;0.24053840000000004;0;0
605;0.257437;0.15336976000000002;0.24053840000000004;0;0
606;0.257437;0.1507176;0.2393848;0;0
607;0.25677140000000004;0.14773392000000002;0.23773680000000003;0;0
608;0.25593940000000004;0.14541328;0.23641840000000003;0;0
609;0.2547746;0.14259536;0.23477040000000002;0;0
610;0.2539426;0.13977744;0.2336168;0;0
611;0.2529442;0.13977744;0.23246320000000004;0;0
612;0.2517794;0.13745680000000002;0.23081520000000003;0;0
613;0.25078100000000003;0.13480464;0.22933200000000004;0;0
614;0.249949;0.13264976;0.22784880000000002;0;0
615;0.2487842;0.13049488;0.22653040000000002;0;0
616;0.248285;0.12800848;0.22653040000000002;0;0
617;0.248285;0.1258536;0.22488240000000004;0;0
618;0.2469538;0.12369872000000001;0.22356400000000004;0;0
619;0.24595540000000002;0.12154384000000001;0.22224560000000004;0;0
620;0.244957;0.11905744000000001;0.22092720000000002;0;0
621;0.24395860000000003;0.11723408000000002;0.2192792;0;0
622;0.24296020000000002;0.11723408000000002;0.21779600000000002;0;0
623;0.24179540000000002;0.11507920000000002;0.21631280000000003;0;0
624;0.240797;0.11309008000000001;0.21499440000000003;0;0
625;0.23963220000000002;0.11110096;0.2135112;0;0
626;0.2384674;0.10911184000000002;0.21235760000000004;0;0
627;0.23713620000000002;0.10728848000000002;0.21235760000000004;0;0
628;0.23713620000000002;0.10529936000000001;0.21087440000000002;0;0
629;0.2359714;0.10331024;0.20955600000000002;0;0
630;0.2351394;0.10198416000000002;0.20807280000000003;0;0
631;0.23397460000000003;0.09999504000000001;0.20658960000000004;0;0
632;0.2328098;0.09833744;0.20494160000000003;0;0
633;0.23164500000000002;0.09833744;0.20395280000000002;0;0
634;0.23064660000000003;0.09634832000000002;0.20246960000000003;0;0
635;0.22914900000000002;0.09485648000000002;0.20082160000000002;0;0
636;0.22798420000000003;0.09303312;0.199668;0;0
637;0.22698580000000002;0.09170704000000002;0.19818480000000002;0;0
638;0.2259874;0.09004944000000001;0.19818480000000002;0;0
639;0.2259874;0.08872336;0.19670160000000003;0;0
640;0.22465620000000003;0.0869;0.19554800000000003;0;0
641;0.22365780000000002;0.0852424;0.19373520000000002;0;0
642;0.22216020000000003;0.08358480000000001;0.19258160000000002;0;0
643;0.22132820000000003;0.08225872000000001;0.19093360000000004;0;0
644;0.219997;0.08225872000000001;0.18978000000000003;0;0
645;0.21883220000000003;0.08093264;0.18829680000000001;0;0
646;0.21783380000000002;0.07927504000000002;0.18681360000000002;0;0
647;0.21633620000000003;0.07761744000000001;0.18566000000000002;0;0
648;0.2151714;0.07645712000000002;0.18401200000000004;0;0
649;0.21400660000000002;0.07496528000000002;0.18401200000000004;0;0
650;0.21400660000000002;0.07363920000000002;0.18285840000000003;0;0
651;0.21234260000000002;0.07231312000000001;0.18121040000000002;0;0
652;0.211677;0.07098704;0.18005680000000002;0;0
653;0.210013;0.06949519999999998;0.1789032;0;0
654;0.2088482;0.06816912000000003;0.17725520000000003;0;0
655;0.20784980000000003;0.06816912000000003;0.17610160000000002;0;0
656;0.2063522;0.06700879999999998;0.17445360000000001;0;0
657;0.20518740000000002;0.0653512;0.17330000000000004;0;0
658;0.2040226;0.06419088;0.17181680000000002;0;0
659;0.20285780000000003;0.06303056000000001;0.17049840000000002;0;0
660;0.2015266;0.061704480000000006;0.17049840000000002;0;0
661;0.2015266;0.060544160000000014;0.16950960000000004;0;0
662;0.2003618;0.05938384000000002;0.16786160000000003;0;0
663;0.199197;0.058057760000000014;0.16687280000000002;0;0
664;0.19803220000000002;0.05673168000000001;0.16522480000000003;0;0
665;0.1965346;0.05573712000000003;0.16407120000000003;0;0
666;0.1955362;0.05573712000000003;0.16291760000000002;0;0
667;0.19420500000000002;0.054742559999999996;0.16159920000000003;0;0
668;0.1930402;0.05358224;0.16028080000000003;0;0
669;0.1920418;0.05242192000000001;0.15863280000000002;0;0
670;0.1905442;0.05142735999999998;0.1574792;0;0
671;0.18937940000000003;0.0504328;0.1574792;0;0
672;0.18937940000000003;0.04927248000000001;0.15649040000000003;0;0
673;0.18838100000000002;0.04827792000000003;0.1550072;0;0
674;0.18671700000000002;0.04744912000000001;0.15352400000000002;0;0
675;0.18538580000000002;0.04579152000000003;0.15237040000000002;0;0
676;0.1840546;0.04496272000000001;0.15105200000000002;0;0
677;0.1827234;0.04496272000000001;0.14956880000000003;0;0
678;0.18205780000000002;0.04396815999999998;0.14841520000000002;0;0
679;0.1802274;0.0429736;0.14726160000000002;0;0
680;0.179229;0.04231056;0.14577840000000003;0;0
681;0.17789780000000002;0.04131600000000002;0.14462480000000003;0;0
682;0.1768994;0.0404872;0.14462480000000003;0;0
683;0.1768994;0.03932688000000001;0.14314160000000004;0;0
684;0.17573460000000002;0.03849807999999999;0.14182320000000004;0;0
685;0.17440340000000001;0.037835039999999986;0.14083440000000003;0;0
686;0.17323860000000002;0.037006240000000024;0.13935120000000004;0;0
687;0.17157460000000002;0.03584592000000003;0.13819760000000003;0;0
688;0.17024340000000002;0.03584592000000003;0.13654960000000002;0;0
689;0.1687458;0.03534863999999999;0.13556080000000004;0;0
690;0.1679138;0.03435408000000001;0.13457200000000002;0;0
691;0.166749;0.033359519999999976;0.13325360000000003;0;0
692;0.165085;0.03253072000000001;0.13226480000000002;0;0
693;0.16392020000000002;0.031701919999999995;0.13226480000000002;0;0
694;0.16392020000000002;0.03103887999999999;0.13061680000000003;0;0
695;0.16275540000000002;0.030044320000000013;0.1297928;0;0
696;0.1615906;0.02938128000000001;0.12863920000000004;0;0
697;0.1604258;0.028718240000000006;0.12699120000000003;0;0
698;0.15892820000000002;0.028055200000000002;0.12583760000000002;0;0
699;0.15759700000000001;0.028055200000000002;0.12484880000000004;0;0
700;0.1565986;0.027060640000000025;0.12369520000000003;0;0
701;0.15510100000000002;0.02639760000000002;0.12254160000000003;0;0
702;0.1541026;0.025900319999999977;0.12138800000000002;0;0
703;0.1527714;0.025071520000000014;0.12006960000000003;0;0
704;0.15177300000000002;0.024574240000000025;0.11891600000000002;0;0
705;0.15177300000000002;0.023579679999999992;0.11891600000000002;0;0
706;0.1506082;0.022916639999999988;0.11776240000000002;0;0
707;0.1491106;0.02275088000000003;0.11660880000000004;0;0
708;0.14794580000000002;0.02192208000000001;0.11562000000000003;0;0
709;0.14678100000000002;0.02159055999999998;0.11413680000000004;0;0
710;0.1452834;0.020596000000000003;0.11314800000000003;0;0
711;0.1441186;0.020596000000000003;0.11215920000000001;0;0
712;0.1427874;0.01993296;0.11084080000000002;0;0
713;0.14162260000000002;0.01943568000000001;0.10985200000000003;0;0
714;0.1406242;0.018606879999999992;0.10853360000000004;0;0
715;0.13912660000000002;0.018109600000000003;0.10770960000000002;0;0
716;0.13796180000000002;0.017280799999999985;0.10770960000000002;0;0
717;0.13796180000000002;0.01694928000000001;0.10655600000000004;0;0
718;0.13629780000000002;0.016286240000000007;0.10490800000000003;0;0
719;0.13529940000000001;0.015954719999999978;0.10424880000000003;0;0
720;0.134301;0.015291679999999974;0.10326000000000002;0;0
721;0.1329698;0.015291679999999974;0.10210640000000001;0;0
722;0.131805;0.01496016;0.10095280000000004;0;0
723;0.13030740000000002;0.014131359999999982;0.09996400000000003;0;0
724;0.12914260000000002;0.013799840000000008;0.09897520000000001;0;0
725;0.1281442;0.013302560000000019;0.09798640000000003;0;0
726;0.12697940000000002;0.013136800000000004;0.09683280000000002;0;0
727;0.125981;0.01297103999999999;0.09683280000000002;0;0
728;0.125981;0.012639520000000015;0.09584400000000004;0;0
729;0.12481620000000002;0.012142240000000026;0.09485520000000003;0;0
730;0.12315220000000002;0.012142240000000026;0.09386640000000002;0;0
731;0.12232020000000002;0.011976480000000012;0.09238320000000003;0;0
732;0.1211554;0.012639520000000015;0.09139440000000001;0;0
733;0.1199906;0.012639520000000015;0.09040560000000003;0;0
734;0.1186594;0.012805279999999974;0.08925200000000003;0;0
735;0.1174946;0.013302560000000019;0.08875760000000002;0;0
736;0.11632980000000001;0.013799840000000008;0.08793360000000003;0;0
737;0.1153314;0.014297119999999996;0.08710960000000004;0;0
738;0.11416660000000001;0.01496016;0.08710960000000004;0;0
739;0.11416660000000001;0.015623200000000004;0.08595600000000003;0;0
740;0.11300180000000001;0.015954719999999978;0.08513200000000004;0;0
741;0.11167060000000001;0.016286240000000007;0.08414320000000003;0;0
742;0.11050580000000002;0.01694928000000001;0.08348400000000003;0;0
743;0.1095074;0.017115040000000026;0.08282480000000003;0;0
744;0.10850900000000002;0.017115040000000026;0.08200080000000004;0;0
745;0.10717780000000002;0.017280799999999985;0.08117680000000002;0;0
746;0.10634580000000002;0.01794383999999999;0.08018800000000004;0;0
747;0.105181;0.01794383999999999;0.07936400000000002;0;0
748;0.10368340000000001;0.018109600000000003;0.07837520000000003;0;0
749;0.10285140000000001;0.018275360000000018;0.07837520000000003;0;0
750;0.10285140000000001;0.018275360000000018;0.07788080000000003;0;0
751;0.101853;0.018606879999999992;0.07705680000000004;0;0
752;0.1006882;0.018772640000000007;0.07623280000000002;0;0
753;0.09952340000000001;0.018772640000000007;0.07540880000000003;0;0
754;0.09869140000000001;0.018938400000000022;0.07491440000000002;0;0
755;0.09736020000000001;0.018938400000000022;0.07425520000000002;0;0
756;0.09652820000000001;0.018938400000000022;0.07326640000000004;0;0
757;0.09569620000000001;0.01910415999999998;0.07260720000000004;0;0
758;0.09486420000000001;0.01910415999999998;0.07211280000000003;0;0
759;0.0938658;0.01943568000000001;0.07145360000000003;0;0
760;0.09286740000000002;0.01943568000000001;0.07145360000000003;0;0
761;0.09286740000000002;0.019601440000000026;0.07062960000000001;0;0
762;0.091869;0.019601440000000026;0.07013520000000004;0;0
763;0.09120340000000002;0.019601440000000026;0.06947600000000004;0;0
764;0.08987220000000001;0.019601440000000026;0.06865200000000005;0;0
765;0.08904020000000001;0.019601440000000026;0.06799280000000002;0;0
766;0.08770900000000001;0.019601440000000026;0.06716880000000003;0;0
767;0.08687700000000001;0.019601440000000026;0.0665096;0;0
768;0.08604500000000001;0.019601440000000026;0.06601520000000005;0;0
769;0.0847138;0.01943568000000001;0.0651912;0;0
770;0.0838818;0.019601440000000026;0.06436720000000001;0;0
771;0.0828834;0.019601440000000026;0.06436720000000001;0;0
772;0.0828834;0.01910415999999998;0.06370800000000004;0;0
773;0.08188500000000001;0.01910415999999998;0.0633784;0;0
774;0.08138580000000001;0.01910415999999998;0.06271920000000003;0;0
775;0.08055380000000001;0.018938400000000022;0.062224800000000025;0;0
776;0.0795554;0.018938400000000022;0.06123600000000001;0;0
777;0.07855700000000002;0.018938400000000022;0.06057680000000004;0;0
778;0.07772500000000002;0.018772640000000007;0.060082400000000036;0;0
779;0.0767266;0.018772640000000007;0.05958800000000003;0;0
780;0.0758946;0.018772640000000007;0.05876400000000004;0;0
781;0.0753954;0.018606879999999992;0.05843440000000005;0;0
782;0.0745634;0.018275360000000018;0.05810480000000001;0;0
783;0.0745634;0.018275360000000018;0.05810480000000001;0;0
784;0.0737314;0.018109600000000003;0.057116000000000056;0;0
785;0.07273300000000002;0.018109600000000003;0.05662160000000005;0;0
786;0.07190100000000002;0.01794383999999999;0.056127200000000044;0;0
787;0.07106900000000002;0.01794383999999999;0.05546800000000002;0;0
788;0.07023700000000002;0.017612320000000015;0.054479200000000005;0;0
789;0.0690722;0.017612320000000015;0.053820000000000034;0;0
790;0.068573;0.017280799999999985;0.05349040000000005;0;0
791;0.067741;0.017115040000000026;0.05283120000000002;0;0
792;0.06707540000000001;0.017115040000000026;0.05233680000000002;0;0
793;0.06591060000000001;0.01694928000000001;0.05233680000000002;0;0
794;0.06507860000000001;0.016783519999999996;0.051348000000000005;0;0
795;0.06507860000000001;0.01661775999999998;0.050688800000000034;0;0
796;0.06424660000000001;0.016286240000000007;0.05052400000000001;0;0
797;0.06374740000000001;0.016286240000000007;0.04986480000000004;0;0
798;0.06308180000000002;0.015954719999999978;0.049370400000000036;0;0
799;0.06224980000000002;0.01578896000000002;0.048381600000000025;0;0
800;0.06125140000000001;0.01578896000000002;0.047722400000000054;0;0
801;0.060752200000000006;0.015623200000000004;0.04739280000000001;0;0
802;0.060253;0.015291679999999974;0.04673360000000004;0;0
803;0.059088200000000035;0.015125920000000015;0.046239200000000036;0;0
804;0.05842259999999999;0.014794399999999985;0.04574480000000003;0;0
805;0.057923400000000014;0.014794399999999985;0.04574480000000003;0;0
806;0.057923400000000014;0.014131359999999982;0.04492080000000004;0;0
807;0.057257800000000025;0.014131359999999982;0.04442640000000003;0;0
808;0.056259400000000015;0.013965600000000022;0.04393200000000003;0;0
809;0.05576019999999998;0.013634079999999993;0.04343760000000002;0;0
810;0.055094599999999994;0.013302560000000019;0.04277840000000005;0;0
811;0.054262599999999994;0.013302560000000019;0.04178960000000004;0;0
812;0.053430599999999995;0.013136800000000004;0.04129520000000003;0;0
813;0.05293140000000002;0.01297103999999999;0.040800800000000026;0;0
814;0.05226580000000003;0.012805279999999974;0.039976800000000035;0;0
815;0.051766599999999996;0.012639520000000015;0.03964720000000005;0;0
816;0.0509346;0.012142240000000026;0.03964720000000005;0;0
817;0.0509346;0.011976480000000012;0.03898800000000002;0;0
818;0.0501026;0.011810719999999997;0.03865840000000004;0;0
819;0.04943700000000001;0.011644959999999982;0.03799920000000001;0;0
820;0.04877140000000002;0.011147679999999993;0.03734000000000004;0;0
821;0.04827219999999999;0.011147679999999993;0.037010400000000054;0;0
822;0.04777300000000001;0.011147679999999993;0.03651600000000005;0;0
823;0.0467746;0.010981919999999978;0.03585680000000002;0;0
824;0.04627540000000002;0.010816160000000019;0.035362400000000016;0;0
825;0.04544340000000002;0.010318879999999975;0.03486800000000001;0;0
826;0.04494419999999999;0.010318879999999975;0.03486800000000001;0;0
827;0.04444500000000001;0.010153120000000015;0.03404400000000002;0;0
828;0.04444500000000001;0.00998736;0.03354960000000001;0;0
829;0.04361300000000001;0.009821599999999986;0.03305520000000001;0;0
830;0.04311379999999998;0.009655840000000027;0.032560800000000056;0;0
831;0.0426146;0.009158559999999982;0.03206640000000005;0;0
832;0.041949000000000014;0.009158559999999982;0.031572000000000044;0;0
833;0.041283400000000026;0.009158559999999982;0.03107760000000004;0;0
834;0.04061779999999998;0.008827040000000008;0.030912800000000018;0;0
835;0.040118600000000004;0.008661279999999993;0.030088800000000027;0;0
836;0.03961940000000003;0.00832976000000002;0.029924000000000006;0;0
837;0.039286600000000005;0.007832479999999975;0.029100000000000015;0;0
838;0.038621000000000016;0.007666720000000016;0.029100000000000015;0;0
839;0.038621000000000016;0.007335199999999986;0.02877040000000003;0;0
840;0.038121799999999983;0.007169440000000027;0.027946400000000038;0;0
841;0.037289799999999984;0.006837919999999997;0.027616800000000052;0;0
842;0.036624199999999996;0.0066721599999999825;0.026957600000000026;0;0
843;0.03629140000000003;0.0063406400000000085;0.02646320000000002;0;0
844;0.035625799999999985;0.0063406400000000085;0.025968800000000014;0;0
845;0.03529300000000002;0.006174879999999994;0.02563920000000003;0;0
846;0.033961799999999986;0.00584336000000002;0.024980000000000002;0;0
847;0.0332962;0.005677600000000005;0.024650400000000017;0;0
848;0.03296340000000003;0.005346079999999975;0.023826400000000025;0;0
849;0.0324642;0.005346079999999975;0.023826400000000025;0;0
850;0.0324642;0.005180320000000016;0.023661600000000005;0;0
851;0.03196500000000002;0.0048487999999999865;0.023002400000000034;0;0
852;0.03146579999999999;0.004351519999999998;0.022508000000000028;0;0
853;0.03063379999999999;0.004185759999999983;0.022178400000000043;0;0
854;0.030467400000000033;0.004185759999999983;0.021848800000000057;0;0
855;0.0299682;0.004185759999999983;0.021519200000000016;0;0
856;0.029469000000000023;0.0038542400000000088;0.020860000000000045;0;0
857;0.02896979999999999;0.0038542400000000088;0.020530400000000004;0;0
858;0.028637000000000024;0.003688479999999994;0.020036000000000054;0;0
859;0.027638600000000013;0.00335696000000002;0.019541600000000048;0;0
860;0.02730579999999999;0.00335696000000002;0.019541600000000048;0;0
861;0.02730579999999999;0.003191200000000005;0.019212000000000007;0;0
862;0.026806600000000014;0.003191200000000005;0.018552800000000036;0;0
863;0.026473799999999992;0.0030254399999999904;0.01822320000000005;0;0
864;0.025641799999999992;0.0030254399999999904;0.01789360000000001;0;0
865;0.025309000000000026;0.0030254399999999904;0.017564000000000024;0;0
866;0.024643399999999982;0.0030254399999999904;0.016904800000000053;0;0
867;0.024310600000000016;0.003191200000000005;0.016740000000000033;0;0
868;0.023811399999999983;0.003191200000000005;0.016245600000000027;0;0
869;0.023478600000000016;0.003191200000000005;0.01591600000000004;0;0
870;0.022813000000000028;0.003191200000000005;0.015586400000000056;0;0
871;0.022646600000000017;0.0030254399999999904;0.015586400000000056;0;0
872;0.022646600000000017;0.0030254399999999904;0.015256800000000015;0;0
873;0.022147399999999984;0.0030254399999999904;0.01492720000000003;0;0
874;0.021315399999999984;0.0030254399999999904;0.014597600000000044;0;0
875;0.020649799999999996;0.0030254399999999904;0.014103200000000038;0;0
876;0.020649799999999996;0.0030254399999999904;0.013773600000000052;0;0
877;0.02015060000000002;0.0030254399999999904;0.013114400000000026;0;0
878;0.019651399999999986;0.0028596799999999756;0.012949600000000006;0;0
879;0.01931860000000002;0.0028596799999999756;0.01278480000000004;0;0
880;0.018819399999999986;0.0028596799999999756;0.012125600000000014;0;0
881;0.01865300000000003;0.0028596799999999756;0.012125600000000014;0;0
882;0.01782100000000003;0.0028596799999999756;0.012125600000000014;0;0
883;0.01782100000000003;0.0028596799999999756;0.01196080000000005;0;0
884;0.01765460000000002;0.0028596799999999756;0.011631200000000008;0;0
885;0.01748820000000001;0.0026939200000000163;0.011631200000000008;0;0
886;0.01682260000000002;0.0028596799999999756;0.011136800000000058;0;0
887;0.016323399999999988;0.0028596799999999756;0.010972000000000037;0;0
888;0.016323399999999988;0.0028596799999999756;0.01031280000000001;0;0
889;0.0156578;0.0026939200000000163;0.009983200000000025;0;0
890;0.015158600000000022;0.0026939200000000163;0.009818400000000005;0;0
891;0.014659399999999989;0.0028596799999999756;0.00965360000000004;0;0
892;0.014659399999999989;0.0028596799999999756;0.009324000000000054;0;0
893;0.014659399999999989;0.0028596799999999756;0.009324000000000054;0;0
894;0.014659399999999989;0.0023623999999999867;0.009159200000000034;0;0
895;0.014493000000000034;0.0023623999999999867;0.008994400000000013;0;0
896;0.013660999999999979;0.0023623999999999867;0.008664800000000028;0;0
897;0.013328200000000012;0.0023623999999999867;0.008335200000000043;0;0
898;0.012662600000000024;0.0023623999999999867;0.008170400000000022;0;0
899;0.012329800000000002;0.0023623999999999867;0.007346400000000031;0;0
900;0.012329800000000002;0.0023623999999999867;0.007346400000000031;0;0
901;0.011664200000000013;0.0023623999999999867;0.00718160000000001;0;0
902;0.011331399999999991;0.0023623999999999867;0.007016800000000045;0;0
903;0.010998600000000025;0.0023623999999999867;0.006687200000000004;0;0
904;0.010832200000000014;0.0023623999999999867;0.006687200000000004;0;0
905;0.010832200000000014;0.0026939200000000163;0.006357600000000019;0;0
